# Blender v2.92.0 OBJ File: ''
# www.blender.org
mtllib earth_and_moon.mtl
o Earth.001
v 0.860071 0.342620 -0.174330
v 0.793525 0.498793 -0.101785
v 0.828777 0.446013 0.056524
v 0.897495 0.286589 -0.006270
v 0.255777 -0.830703 -0.352811
v 0.418753 -0.748470 -0.380342
v 0.433355 -0.770332 -0.314769
v 0.263222 -0.841849 -0.319382
v 0.893544 0.173404 -0.240111
v 0.931701 0.116276 -0.068758
v 0.091961 0.903580 0.261872
v -0.084076 0.887371 0.315069
v 0.099405 0.892435 0.295301
v 0.082950 -0.880889 -0.311656
v 0.892656 -0.002351 -0.296598
v 0.930080 -0.058381 -0.128538
v 0.264441 0.885189 0.198677
v 0.279043 0.863327 0.264251
v 0.857443 -0.177891 -0.341622
v 0.892696 -0.230670 -0.183313
v 0.426738 0.832906 0.127912
v 0.447937 0.801167 0.223110
v 0.789256 -0.346470 -0.373452
v 0.820983 -0.393970 -0.230977
v 0.572613 0.748739 0.052296
v 0.599594 0.708343 0.173461
v 0.690718 -0.501610 -0.390865
v 0.717700 -0.542006 -0.269700
v 0.696462 0.635923 -0.025263
v 0.728189 0.588422 0.117212
v 0.565615 -0.637349 -0.393192
v 0.586814 -0.669087 -0.297993
v 0.730126 0.537310 0.261938
v 0.830931 0.389220 0.217336
v 0.588109 -0.703240 -0.201290
v 0.434247 -0.793856 -0.248158
v 0.899781 0.226298 0.164446
v 0.263676 -0.853841 -0.285425
v 0.934031 0.054803 0.105303
v 0.099860 0.880442 0.329259
v 0.932366 -0.118673 0.042178
v 0.279935 0.839803 0.330861
v 0.894849 -0.287463 -0.022502
v 0.449231 0.767015 0.319814
v 0.822921 -0.445083 -0.086251
v 0.601242 0.664876 0.296541
v 0.719348 -0.585473 -0.146621
v 0.899426 -0.180907 0.208990
v 0.863820 -0.346087 0.134631
v 0.267083 0.815520 0.395947
v 0.430573 0.731762 0.414304
v 0.794996 -0.497843 0.055165
v 0.577494 0.620007 0.416805
v 0.695599 -0.630342 -0.026356
v 0.702201 0.484550 0.403354
v 0.569450 -0.738493 -0.106799
v 0.799902 0.330597 0.374469
v 0.421395 -0.818139 -0.183072
v 0.866841 0.164063 0.331258
v 0.257124 -0.866220 -0.252244
v 0.900446 -0.008650 0.275382
v 0.093307 0.868063 0.362440
v 0.531554 -0.773492 -0.018151
v 0.395292 -0.842247 -0.122010
v 0.736883 0.272395 0.521885
v 0.799941 0.102277 0.487754
v 0.243817 -0.878510 -0.221115
v 0.832235 -0.071647 0.434945
v 0.080000 0.855773 0.393569
v 0.832526 -0.242693 0.365486
v 0.240980 0.791412 0.457009
v 0.800802 -0.404288 0.282048
v 0.392677 0.696763 0.502953
v 0.738281 -0.550222 0.187836
v 0.529262 0.575462 0.529633
v 0.647367 -0.674887 0.086471
v 0.645486 0.432170 0.536026
v 0.202629 0.768406 0.511699
v 0.337000 0.663363 0.582351
v 0.708216 -0.459831 0.414082
v 0.654956 -0.600209 0.306664
v 0.458400 0.532951 0.630689
v 0.576505 -0.717398 0.187526
v 0.562161 0.382183 0.654855
v 0.475878 -0.806892 0.061248
v 0.644297 0.216853 0.653921
v 0.356941 -0.865253 -0.067319
v 0.701652 0.043313 0.627922
v 0.224266 -0.890239 -0.193234
v 0.732021 -0.131766 0.577859
v 0.060449 0.844044 0.421449
v 0.734237 -0.301657 0.505653
v 0.525701 0.166104 0.765498
v 0.575751 -0.010562 0.746373
v 0.307817 -0.886274 -0.021102
v 0.199222 -0.900956 -0.169672
v 0.603654 -0.186697 0.698630
v 0.035406 0.833328 0.445012
v 0.608336 -0.355532 0.624105
v 0.153505 0.747385 0.557918
v 0.589619 -0.510580 0.525661
v 0.265683 0.632845 0.649449
v 0.548222 -0.645883 0.407082
v 0.367630 0.494109 0.716088
v 0.485735 -0.756239 0.272925
v 0.455427 0.336510 0.755273
v 0.404561 -0.837410 0.128345
v 0.449571 -0.554586 0.612496
v 0.422182 -0.685487 0.485232
v 0.181466 0.606382 0.701667
v 0.260442 0.460429 0.782548
v 0.378547 -0.789920 0.339386
v 0.329388 0.296906 0.833423
v 0.320343 -0.863872 0.180563
v 0.385653 0.122098 0.852335
v 0.249807 -0.904502 0.014866
v 0.427077 -0.057278 0.838556
v 0.169649 -0.910248 -0.151336
v 0.452067 -0.234328 0.792620
v 0.005833 0.824036 0.463348
v 0.459662 -0.402248 0.716288
v 0.095495 0.729157 0.593886
v 0.185141 -0.919236 0.039203
v 0.136683 -0.917759 -0.138929
v 0.261342 -0.095040 0.900930
v 0.283085 -0.272830 0.856215
v -0.027134 0.816524 0.475755
v 0.293928 -0.440010 0.778662
v 0.030829 0.714423 0.618223
v 0.293453 -0.590157 0.671251
v 0.087585 0.584992 0.736998
v 0.281679 -0.717500 0.538109
v 0.140954 0.433204 0.827517
v 0.259059 -0.817145 0.384354
v 0.188885 0.264893 0.886300
v 0.226462 -0.885263 0.215894
v 0.229535 0.086527 0.911089
v 0.132113 -0.740691 0.563683
v 0.131864 -0.836868 0.406103
v 0.013759 0.413481 0.849265
v 0.039318 0.241701 0.911874
v 0.126525 -0.900759 0.232982
v 0.063346 0.060758 0.939505
v 0.116303 -0.929910 0.050973
v 0.084917 -0.122396 0.931096
v 0.101590 -0.923201 -0.132928
v 0.103204 -0.300722 0.886972
v -0.062227 0.811083 0.481755
v 0.117503 -0.467367 0.808828
v -0.038009 0.703749 0.629993
v 0.127264 -0.615926 0.699666
v -0.012352 0.569496 0.754086
v -0.098098 0.807920 0.481119
v 0.065718 -0.926363 -0.133565
v -0.080666 -0.316933 0.883709
v -0.062834 -0.483266 0.805627
v -0.108373 0.697545 0.628744
v -0.042609 -0.630903 0.696651
v -0.114504 0.560489 0.752273
v -0.020768 -0.754171 0.560969
v -0.116257 0.402018 0.846958
v 0.001849 -0.848331 0.403795
v -0.113563 0.228222 0.909160
v 0.024373 -0.909766 0.231169
v -0.106527 0.045780 0.936490
v 0.045939 -0.936114 0.049725
v -0.095419 -0.138296 0.927895
v -0.244095 0.399255 0.820683
v -0.263886 0.224973 0.878264
v -0.125990 -0.851094 0.377520
v -0.076069 -0.911936 0.210525
v -0.273556 0.042171 0.902160
v -0.023246 -0.937609 0.035505
v -0.272736 -0.142128 0.891452
v 0.030448 -0.927126 -0.140814
v -0.261457 -0.320841 0.846550
v -0.133369 0.807158 0.473869
v -0.240151 -0.487098 0.769183
v -0.177559 0.696050 0.614524
v -0.209638 -0.634513 0.662322
v -0.214946 0.558318 0.731629
v -0.171091 -0.757419 0.530074
v -0.432222 -0.312293 0.776925
v -0.407635 -0.478716 0.700897
v -0.166684 0.808825 0.460285
v -0.242908 0.699321 0.587880
v -0.367405 -0.626617 0.597997
v -0.309818 0.563067 0.692947
v -0.313077 -0.750313 0.472182
v -0.364844 0.405299 0.771451
v -0.246739 -0.845050 0.328288
v -0.405872 0.232080 0.820373
v -0.170941 -0.907188 0.171843
v -0.431323 0.050067 0.837835
v -0.088596 -0.934338 0.008860
v -0.440220 -0.133745 0.823165
v -0.002867 -0.925458 -0.154398
v -0.355758 -0.830432 0.257990
v -0.256597 -0.895702 0.116611
v -0.534064 0.249269 0.737711
v -0.573763 0.069166 0.745986
v -0.147596 -0.926427 -0.029185
v -0.591434 -0.113470 0.725658
v -0.032945 -0.921425 -0.173793
v -0.586398 -0.291620 0.677509
v -0.196762 0.812858 0.440890
v -0.558849 -0.458440 0.603390
v -0.301908 0.707232 0.549835
v -0.509845 -0.607517 0.506148
v -0.395474 0.574552 0.637714
v -0.441270 -0.733124 0.389521
v -0.473864 0.419917 0.701153
v -0.222449 0.819102 0.416428
v -0.352294 0.719480 0.501851
v -0.687982 -0.427050 0.480412
v -0.631486 -0.577949 0.390305
v -0.468622 0.592333 0.568053
v -0.550744 -0.706513 0.285265
v -0.566964 0.442547 0.612491
v -0.448858 -0.807801 0.169328
v -0.643539 0.275880 0.633456
v -0.329745 -0.877922 0.046949
v -0.695404 0.098735 0.630143
v -0.197982 -0.914180 -0.077168
v -0.720567 -0.082080 0.602681
v -0.058631 -0.915181 -0.198254
v -0.718062 -0.259616 0.552122
v -0.730086 0.310889 0.511612
v -0.791571 0.137635 0.494758
v -0.387574 -0.854529 -0.034463
v -0.237815 -0.898066 -0.133246
v -0.822658 -0.040783 0.458956
v -0.078938 -0.906967 -0.226843
v -0.822152 -0.217510 0.405583
v -0.242755 0.827317 0.387841
v -0.790073 -0.385754 0.336688
v -0.392127 0.735593 0.445772
v -0.727653 -0.539048 0.254921
v -0.526452 0.615726 0.486640
v -0.637292 -0.671503 0.163422
v -0.640567 0.472321 0.508871
v -0.522461 -0.778028 0.065709
v -0.861196 -0.336137 0.177742
v -0.794650 -0.492310 0.105197
v -0.419878 0.754953 0.383755
v -0.566740 0.643831 0.396604
v -0.697587 -0.629440 0.028674
v -0.691844 0.508093 0.394277
v -0.573738 -0.742256 -0.048884
v -0.790382 0.352953 0.376864
v -0.427863 -0.826423 -0.124499
v -0.858568 0.184374 0.345034
v -0.265566 -0.878707 -0.195264
v -0.893781 0.008834 0.300010
v -0.093085 -0.897097 -0.258459
v -0.894669 -0.166921 0.243523
v -0.256903 0.837186 0.356224
v -0.449062 -0.794684 -0.219698
v -0.280168 -0.856845 -0.260838
v -0.893820 0.237153 0.186725
v -0.931205 0.064864 0.131950
v -0.100530 -0.885952 -0.291888
v -0.932826 -0.109793 0.072170
v -0.264347 0.848331 0.322794
v -0.898620 -0.280106 0.009682
v -0.434480 0.776815 0.318181
v -0.829902 -0.439530 -0.053112
v -0.587939 0.675570 0.301405
v -0.729314 -0.581939 -0.113800
v -0.718825 0.548488 0.273112
v -0.600719 -0.701860 -0.170049
v -0.822108 0.400453 0.234389
v -0.832056 -0.382737 -0.213923
v -0.731251 -0.530827 -0.258526
v -0.589234 0.709722 0.204702
v -0.720473 0.591956 0.150033
v -0.602368 -0.658393 -0.293129
v -0.824046 0.451566 0.089663
v -0.450357 -0.760532 -0.316401
v -0.895974 0.293946 0.025914
v -0.281060 -0.833320 -0.327448
v -0.933490 0.125155 -0.038766
v -0.100984 -0.873960 -0.325846
v -0.935157 -0.048320 -0.101891
v -0.264802 0.860324 0.288837
v -0.900905 -0.219815 -0.161034
v -0.435372 0.800339 0.251570
v -0.268207 -0.809038 -0.392535
v -0.094432 -0.861580 -0.359027
v -0.900551 0.187390 -0.205578
v -0.901571 0.015133 -0.271970
v -0.258249 0.872703 0.255657
v -0.867965 -0.157580 -0.327846
v -0.422520 0.824622 0.186485
v -0.801027 -0.324114 -0.371056
v -0.570575 0.744975 0.110211
v -0.703326 -0.478067 -0.399942
v -0.696725 0.636824 0.029768
v -0.578619 -0.613524 -0.413393
v -0.796121 0.504325 -0.051753
v -0.431698 -0.725279 -0.410892
v -0.864945 0.352570 -0.131219
v -0.532679 0.779974 0.021563
v -0.648492 0.681370 -0.083059
v -0.646611 -0.425687 -0.532614
v -0.530387 -0.568979 -0.526221
v -0.739406 0.556705 -0.184424
v -0.393802 -0.690280 -0.499540
v -0.801926 0.410771 -0.278636
v -0.242104 -0.784930 -0.453596
v -0.833651 0.249176 -0.362074
v -0.081125 -0.849290 -0.390156
v -0.833360 0.078130 -0.431533
v -0.244942 0.884993 0.224528
v -0.801066 -0.095794 -0.484342
v -0.396417 0.848730 0.125423
v -0.738008 -0.265912 -0.518473
v -0.735362 0.308140 -0.502241
v -0.733146 0.138249 -0.574446
v -0.225391 0.896722 0.196647
v -0.061574 -0.837562 -0.418037
v -0.702777 -0.036831 -0.624509
v -0.358066 0.871736 0.070732
v -0.645423 -0.210370 -0.650507
v -0.477003 0.813375 -0.057834
v -0.563286 -0.375700 -0.651441
v -0.577630 0.723880 -0.184114
v -0.459525 -0.526468 -0.627276
v -0.656080 0.606692 -0.303252
v -0.338125 -0.656880 -0.578938
v -0.709341 0.466314 -0.410670
v -0.203754 -0.761923 -0.508287
v -0.456552 -0.330027 -0.751860
v -0.368755 -0.487627 -0.712674
v -0.486860 0.762722 -0.269513
v -0.549347 0.652365 -0.403670
v -0.266808 -0.626362 -0.646035
v -0.590745 0.517063 -0.522249
v -0.154630 -0.740902 -0.554504
v -0.609461 0.362015 -0.620692
v -0.036531 -0.826845 -0.441598
v -0.604778 0.193179 -0.695217
v -0.200348 0.907438 0.173085
v -0.576876 0.017045 -0.742960
v -0.308942 0.892757 0.024514
v -0.526827 -0.159621 -0.762086
v -0.405686 0.843892 -0.124933
v -0.170775 0.916731 0.154749
v -0.006958 -0.817553 -0.459935
v -0.453191 0.240811 -0.789207
v -0.428202 0.063761 -0.835144
v -0.250932 0.910985 -0.011453
v -0.386779 -0.115615 -0.848921
v -0.321469 0.870355 -0.177151
v -0.330513 -0.290423 -0.830009
v -0.379672 0.796403 -0.335973
v -0.261567 -0.453946 -0.779135
v -0.423307 0.691969 -0.481819
v -0.182591 -0.599900 -0.698253
v -0.450697 0.561069 -0.609083
v -0.096620 -0.722675 -0.590473
v -0.460787 0.408731 -0.712876
v -0.260184 0.823627 -0.380942
v -0.282805 0.723982 -0.534697
v -0.142079 -0.426721 -0.824104
v -0.088710 -0.578509 -0.733585
v -0.294578 0.596640 -0.667837
v -0.031954 -0.707941 -0.614809
v -0.295053 0.446493 -0.775249
v 0.026009 -0.810042 -0.472342
v -0.284210 0.279312 -0.852803
v -0.137808 0.924242 0.142342
v -0.262468 0.101523 -0.897517
v -0.186266 0.925719 -0.035791
v -0.230660 -0.080044 -0.907676
v -0.227587 0.891745 -0.212481
v -0.190010 -0.258410 -0.882887
v -0.104329 0.307205 -0.883560
v -0.086042 0.128879 -0.927683
v -0.102715 0.929683 0.136341
v -0.117428 0.936393 -0.047560
v -0.064471 -0.054275 -0.936091
v -0.127651 0.907242 -0.229569
v -0.040444 -0.235219 -0.908460
v -0.132989 0.843350 -0.402691
v -0.014884 -0.406998 -0.845852
v -0.133238 0.747174 -0.560270
v 0.011226 -0.563013 -0.750673
v -0.128389 0.622409 -0.696253
v 0.036884 -0.697267 -0.626580
v -0.118627 0.473849 -0.805414
v 0.061102 -0.804600 -0.478342
v 0.115132 -0.395535 -0.843544
v 0.113379 -0.554007 -0.748859
v 0.019643 0.760653 -0.557557
v 0.041484 0.637386 -0.693238
v 0.107248 -0.691063 -0.625331
v 0.061709 0.489749 -0.802213
v 0.096973 -0.801437 -0.477705
v 0.079541 0.323416 -0.880296
v -0.066844 0.932846 0.136978
v 0.094294 0.144779 -0.924482
v -0.047064 0.942597 -0.046312
v 0.105402 -0.039298 -0.933076
v -0.025499 0.916248 -0.227756
v 0.112438 -0.221740 -0.905747
v -0.002974 0.854813 -0.400383
v 0.271611 0.148611 -0.888038
v 0.272431 -0.035688 -0.898747
v 0.022121 0.944092 -0.032092
v 0.074944 0.918419 -0.207112
v 0.262760 -0.218491 -0.874851
v 0.124865 0.857576 -0.374107
v 0.242970 -0.392773 -0.817270
v 0.169966 0.763902 -0.526661
v 0.213821 -0.551836 -0.728215
v 0.208513 0.640996 -0.658909
v 0.176433 -0.689568 -0.611111
v 0.239026 0.493581 -0.765770
v 0.132243 -0.800675 -0.470456
v 0.260331 0.327323 -0.843138
v -0.031573 0.933608 0.144227
v 0.308693 -0.556584 -0.689534
v 0.241782 -0.692839 -0.584467
v 0.366279 0.633099 -0.594583
v 0.406509 0.485198 -0.697483
v 0.165558 -0.802343 -0.456873
v 0.431096 0.318776 -0.773513
v 0.001742 0.931941 0.157810
v 0.439095 0.140228 -0.819751
v 0.087470 0.940821 -0.005447
v 0.430197 -0.043584 -0.834422
v 0.169816 0.913670 -0.168431
v 0.404746 -0.225598 -0.816960
v 0.245614 0.851532 -0.324876
v 0.363719 -0.398816 -0.768037
v 0.311951 0.756795 -0.468770
v 0.146471 0.932910 0.032598
v 0.255472 0.902185 -0.113198
v 0.572638 -0.062684 -0.742573
v 0.532939 -0.242786 -0.734298
v 0.354633 0.836914 -0.254577
v 0.472738 -0.413434 -0.697739
v 0.440144 0.739606 -0.386108
v 0.394349 -0.568070 -0.634301
v 0.508720 0.614000 -0.502735
v 0.300783 -0.700750 -0.546422
v 0.557724 0.464923 -0.599977
v 0.195637 -0.806376 -0.437478
v 0.585273 0.298103 -0.674097
v 0.031820 0.927908 0.177206
v 0.590309 0.119952 -0.722245
v 0.630361 0.584432 -0.386893
v 0.686857 0.433533 -0.476999
v 0.351168 -0.712997 -0.498438
v 0.221323 -0.812620 -0.413016
v 0.716936 0.266099 -0.548709
v 0.057506 0.921664 0.201667
v 0.719442 0.088563 -0.599267
v 0.196856 0.920662 0.080581
v 0.694279 -0.092252 -0.626731
v 0.328620 0.884404 -0.043536
v 0.642413 -0.269397 -0.630042
v 0.447733 0.814284 -0.165916
v 0.565838 -0.436065 -0.609077
v 0.549618 0.712996 -0.281853
v 0.467497 -0.585850 -0.564640
v 0.790446 -0.131152 -0.491346
v 0.728961 -0.304407 -0.508200
v 0.386449 0.861012 0.037876
v 0.521336 0.784511 -0.062296
v 0.639441 -0.465838 -0.505459
v 0.636166 0.677986 -0.160010
v 0.525326 -0.609243 -0.483227
v 0.726528 0.545531 -0.251509
v 0.391002 -0.729110 -0.442360
v 0.788947 0.392236 -0.333276
v 0.241630 -0.820834 -0.384428
v 0.821026 0.223993 -0.402170
v 0.077813 0.913450 0.230256
v 0.821532 0.047266 -0.455544
v 0.236690 0.904549 0.136659
vt 0.750000 0.562500
vt 0.750000 0.625000
vt 0.718750 0.625000
vt 0.718750 0.562500
vt 0.750000 0.062500
vt 0.750000 0.125000
vt 0.718750 0.125000
vt 0.718750 0.062500
vt 0.750000 0.500000
vt 0.718750 0.500000
vt 0.750000 0.937500
vt 0.734375 1.000000
vt 0.718750 0.937500
vt 0.734375 0.000000
vt 0.750000 0.437500
vt 0.718750 0.437500
vt 0.750000 0.875000
vt 0.718750 0.875000
vt 0.750000 0.375000
vt 0.718750 0.375000
vt 0.750000 0.812500
vt 0.718750 0.812500
vt 0.750000 0.312500
vt 0.718750 0.312500
vt 0.750000 0.750000
vt 0.718750 0.750000
vt 0.750000 0.250000
vt 0.718750 0.250000
vt 0.750000 0.687500
vt 0.718750 0.687500
vt 0.750000 0.187500
vt 0.718750 0.187500
vt 0.687500 0.687500
vt 0.687500 0.625000
vt 0.687500 0.187500
vt 0.687500 0.125000
vt 0.687500 0.562500
vt 0.687500 0.062500
vt 0.687500 0.500000
vt 0.703125 1.000000
vt 0.687500 0.937500
vt 0.703125 0.000000
vt 0.687500 0.437500
vt 0.687500 0.875000
vt 0.687500 0.375000
vt 0.687500 0.812500
vt 0.687500 0.312500
vt 0.687500 0.750000
vt 0.687500 0.250000
vt 0.656250 0.437500
vt 0.656250 0.375000
vt 0.656250 0.875000
vt 0.656250 0.812500
vt 0.656250 0.312500
vt 0.656250 0.750000
vt 0.656250 0.250000
vt 0.656250 0.687500
vt 0.656250 0.187500
vt 0.656250 0.625000
vt 0.656250 0.125000
vt 0.656250 0.562500
vt 0.656250 0.062500
vt 0.656250 0.500000
vt 0.671875 1.000000
vt 0.656250 0.937500
vt 0.671875 0.000000
vt 0.625000 0.187500
vt 0.625000 0.125000
vt 0.625000 0.625000
vt 0.625000 0.562500
vt 0.625000 0.062500
vt 0.625000 0.500000
vt 0.640625 1.000000
vt 0.625000 0.937500
vt 0.640625 0.000000
vt 0.625000 0.437500
vt 0.625000 0.875000
vt 0.625000 0.375000
vt 0.625000 0.812500
vt 0.625000 0.312500
vt 0.625000 0.750000
vt 0.625000 0.250000
vt 0.625000 0.687500
vt 0.593750 0.875000
vt 0.593750 0.812500
vt 0.593750 0.375000
vt 0.593750 0.312500
vt 0.593750 0.750000
vt 0.593750 0.250000
vt 0.593750 0.687500
vt 0.593750 0.187500
vt 0.593750 0.625000
vt 0.593750 0.125000
vt 0.593750 0.562500
vt 0.593750 0.062500
vt 0.593750 0.500000
vt 0.609375 1.000000
vt 0.593750 0.937500
vt 0.609375 0.000000
vt 0.593750 0.437500
vt 0.562500 0.625000
vt 0.562500 0.562500
vt 0.562500 0.125000
vt 0.562500 0.062500
vt 0.562500 0.500000
vt 0.578125 1.000000
vt 0.562500 0.937500
vt 0.578125 0.000000
vt 0.562500 0.437500
vt 0.562500 0.875000
vt 0.562500 0.375000
vt 0.562500 0.812500
vt 0.562500 0.312500
vt 0.562500 0.750000
vt 0.562500 0.250000
vt 0.562500 0.687500
vt 0.562500 0.187500
vt 0.531250 0.375000
vt 0.531250 0.312500
vt 0.531250 0.812500
vt 0.531250 0.750000
vt 0.531250 0.250000
vt 0.531250 0.687500
vt 0.531250 0.187500
vt 0.531250 0.625000
vt 0.531250 0.125000
vt 0.531250 0.562500
vt 0.531250 0.062500
vt 0.531250 0.500000
vt 0.546875 1.000000
vt 0.531250 0.937500
vt 0.546875 0.000000
vt 0.531250 0.437500
vt 0.531250 0.875000
vt 0.500000 0.125000
vt 0.500000 0.062500
vt 0.500000 0.562500
vt 0.500000 0.500000
vt 0.515625 1.000000
vt 0.500000 0.937500
vt 0.515625 0.000000
vt 0.500000 0.437500
vt 0.500000 0.875000
vt 0.500000 0.375000
vt 0.500000 0.812500
vt 0.500000 0.312500
vt 0.500000 0.750000
vt 0.500000 0.250000
vt 0.500000 0.687500
vt 0.500000 0.187500
vt 0.500000 0.625000
vt 0.468750 0.312500
vt 0.468750 0.250000
vt 0.468750 0.750000
vt 0.468750 0.687500
vt 0.468750 0.187500
vt 0.468750 0.625000
vt 0.468750 0.125000
vt 0.468750 0.562500
vt 0.468750 0.062500
vt 0.468750 0.500000
vt 0.484374 1.000000
vt 0.468750 0.937500
vt 0.484375 0.000000
vt 0.468750 0.437500
vt 0.468750 0.875000
vt 0.468750 0.375000
vt 0.468750 0.812500
vt 0.453124 1.000000
vt 0.437500 0.937500
vt 0.453125 0.000000
vt 0.437500 0.062500
vt 0.437500 0.500000
vt 0.437500 0.437500
vt 0.437500 0.875000
vt 0.437500 0.375000
vt 0.437500 0.812500
vt 0.437500 0.312500
vt 0.437500 0.750000
vt 0.437500 0.250000
vt 0.437500 0.687500
vt 0.437500 0.187500
vt 0.437500 0.625000
vt 0.437500 0.125000
vt 0.437500 0.562500
vt 0.406250 0.750000
vt 0.406250 0.687500
vt 0.406250 0.250000
vt 0.406250 0.187500
vt 0.406250 0.625000
vt 0.406250 0.125000
vt 0.406250 0.562500
vt 0.406250 0.062500
vt 0.406250 0.500000
vt 0.421874 1.000000
vt 0.406250 0.937500
vt 0.421875 0.000000
vt 0.406250 0.437500
vt 0.406250 0.875000
vt 0.406250 0.375000
vt 0.406250 0.812500
vt 0.406250 0.312500
vt 0.375000 0.500000
vt 0.375000 0.437500
vt 0.375000 0.937500
vt 0.375000 0.875000
vt 0.375000 0.375000
vt 0.375000 0.812500
vt 0.375000 0.312500
vt 0.375000 0.750000
vt 0.375000 0.250000
vt 0.375000 0.687500
vt 0.375000 0.187500
vt 0.375000 0.625000
vt 0.375000 0.125000
vt 0.375000 0.562500
vt 0.375000 0.062500
vt 0.390625 1.000000
vt 0.390625 0.000000
vt 0.343750 0.250000
vt 0.343750 0.187500
vt 0.343750 0.687500
vt 0.343750 0.625000
vt 0.343750 0.125000
vt 0.343750 0.562500
vt 0.343750 0.062500
vt 0.343750 0.500000
vt 0.359375 1.000000
vt 0.343750 0.937500
vt 0.359375 0.000000
vt 0.343750 0.437500
vt 0.343750 0.875000
vt 0.343750 0.375000
vt 0.343750 0.812500
vt 0.343750 0.312500
vt 0.343750 0.750000
vt 0.312500 0.937500
vt 0.312500 0.875000
vt 0.312500 0.437500
vt 0.312500 0.375000
vt 0.312500 0.812500
vt 0.312500 0.312500
vt 0.312500 0.750000
vt 0.312500 0.250000
vt 0.312500 0.687500
vt 0.312500 0.187500
vt 0.312500 0.625000
vt 0.312500 0.125000
vt 0.312500 0.562500
vt 0.312500 0.062500
vt 0.312500 0.500000
vt 0.328125 1.000000
vt 0.328125 0.000000
vt 0.281250 0.687500
vt 0.281250 0.625000
vt 0.281250 0.187500
vt 0.281250 0.125000
vt 0.281250 0.562500
vt 0.281250 0.062500
vt 0.281250 0.500000
vt 0.296875 1.000000
vt 0.281250 0.937500
vt 0.296875 0.000000
vt 0.281250 0.437500
vt 0.281250 0.875000
vt 0.281250 0.375000
vt 0.281250 0.812500
vt 0.281250 0.312500
vt 0.281250 0.750000
vt 0.281250 0.250000
vt 0.250000 0.437500
vt 0.250000 0.375000
vt 0.250000 0.875000
vt 0.250000 0.812500
vt 0.250000 0.312500
vt 0.250000 0.750000
vt 0.250000 0.250000
vt 0.250000 0.687500
vt 0.250000 0.187500
vt 0.250000 0.625000
vt 0.250000 0.125000
vt 0.250000 0.562500
vt 0.250000 0.062500
vt 0.250000 0.500000
vt 0.265625 1.000000
vt 0.250000 0.937500
vt 0.265625 0.000000
vt 0.218750 0.187500
vt 0.218750 0.125000
vt 0.218750 0.625000
vt 0.218750 0.562500
vt 0.218750 0.062500
vt 0.218750 0.500000
vt 0.234375 1.000000
vt 0.218750 0.937500
vt 0.234375 0.000000
vt 0.218750 0.437500
vt 0.218750 0.875000
vt 0.218750 0.375000
vt 0.218750 0.812500
vt 0.218750 0.312500
vt 0.218750 0.750000
vt 0.218750 0.250000
vt 0.218750 0.687500
vt 0.187500 0.375000
vt 0.187500 0.312500
vt 0.187500 0.812500
vt 0.187500 0.750000
vt 0.187500 0.250000
vt 0.187500 0.687500
vt 0.187500 0.187500
vt 0.187500 0.625000
vt 0.187500 0.125000
vt 0.187500 0.562500
vt 0.187500 0.062500
vt 0.187500 0.500000
vt 0.203125 1.000000
vt 0.187500 0.937500
vt 0.203125 0.000000
vt 0.187500 0.437500
vt 0.187500 0.875000
vt 0.156250 0.125000
vt 0.156250 0.062500
vt 0.156250 0.562500
vt 0.156250 0.500000
vt 0.171875 1.000000
vt 0.156250 0.937500
vt 0.171875 0.000000
vt 0.156250 0.437500
vt 0.156250 0.875000
vt 0.156250 0.375000
vt 0.156250 0.812500
vt 0.156250 0.312500
vt 0.156250 0.750000
vt 0.156250 0.250000
vt 0.156250 0.687500
vt 0.156250 0.187500
vt 0.156250 0.625000
vt 0.125000 0.812500
vt 0.125000 0.750000
vt 0.125000 0.312500
vt 0.125000 0.250000
vt 0.125000 0.687500
vt 0.125000 0.187500
vt 0.125000 0.625000
vt 0.125000 0.125000
vt 0.125000 0.562500
vt 0.125000 0.062500
vt 0.125000 0.500000
vt 0.140625 1.000000
vt 0.125000 0.937500
vt 0.140625 0.000000
vt 0.125000 0.437500
vt 0.125000 0.875000
vt 0.125000 0.375000
vt 0.093750 0.562500
vt 0.093750 0.500000
vt 0.109375 1.000000
vt 0.093750 0.937500
vt 0.109375 0.000000
vt 0.093750 0.062500
vt 0.093750 0.437500
vt 0.093750 0.875000
vt 0.093750 0.375000
vt 0.093750 0.812500
vt 0.093750 0.312500
vt 0.093750 0.750000
vt 0.093750 0.250000
vt 0.093750 0.687500
vt 0.093750 0.187500
vt 0.093750 0.625000
vt 0.093750 0.125000
vt 0.062500 0.312500
vt 0.062500 0.250000
vt 0.062500 0.750000
vt 0.062500 0.687500
vt 0.062500 0.187500
vt 0.062500 0.625000
vt 0.062500 0.125000
vt 0.062500 0.562500
vt 0.062500 0.062500
vt 0.062500 0.500000
vt 0.078125 1.000000
vt 0.062500 0.937500
vt 0.078125 0.000000
vt 0.062500 0.437500
vt 0.062500 0.875000
vt 0.062500 0.375000
vt 0.062500 0.812500
vt 0.046875 1.000000
vt 0.031250 0.937500
vt 0.046875 0.000000
vt 0.031250 0.062500
vt 0.031250 0.500000
vt 0.031250 0.437500
vt 0.031250 0.875000
vt 0.031250 0.375000
vt 0.031250 0.812500
vt 0.031250 0.312500
vt 0.031250 0.750000
vt 0.031250 0.250000
vt 0.031250 0.687500
vt 0.031250 0.187500
vt 0.031250 0.625000
vt 0.031250 0.125000
vt 0.031250 0.562500
vt 0.000000 0.750000
vt 0.000000 0.687500
vt 0.000000 0.250000
vt 0.000000 0.187500
vt 0.000000 0.625000
vt 0.000000 0.125000
vt 0.000000 0.562500
vt 0.000000 0.062500
vt 0.000000 0.500000
vt 0.015625 1.000000
vt 0.000000 0.937500
vt 0.015625 0.000000
vt 0.000000 0.437500
vt 0.000000 0.875000
vt 0.000000 0.375000
vt 0.000000 0.812500
vt 0.000000 0.312500
vt 1.000000 0.437500
vt 1.000000 0.500000
vt 0.968750 0.500000
vt 0.968750 0.437500
vt 1.000000 0.875000
vt 1.000000 0.937500
vt 0.968750 0.937500
vt 0.968750 0.875000
vt 1.000000 0.375000
vt 0.968750 0.375000
vt 1.000000 0.812500
vt 0.968750 0.812500
vt 1.000000 0.312500
vt 0.968750 0.312500
vt 1.000000 0.750000
vt 0.968750 0.750000
vt 1.000000 0.250000
vt 0.968750 0.250000
vt 1.000000 0.687500
vt 0.968750 0.687500
vt 1.000000 0.187500
vt 0.968750 0.187500
vt 1.000000 0.625000
vt 0.968750 0.625000
vt 1.000000 0.125000
vt 0.968750 0.125000
vt 1.000000 0.562500
vt 0.968750 0.562500
vt 1.000000 0.062500
vt 0.968750 0.062500
vt 0.984375 1.000000
vt 0.984375 0.000000
vt 0.937500 0.250000
vt 0.937500 0.187500
vt 0.937500 0.687500
vt 0.937500 0.625000
vt 0.937500 0.125000
vt 0.937500 0.562500
vt 0.937500 0.062500
vt 0.937500 0.500000
vt 0.953125 1.000000
vt 0.937500 0.937500
vt 0.953125 0.000000
vt 0.937500 0.437500
vt 0.937500 0.875000
vt 0.937500 0.375000
vt 0.937500 0.812500
vt 0.937500 0.312500
vt 0.937500 0.750000
vt 0.906250 0.437500
vt 0.906250 0.375000
vt 0.906250 0.875000
vt 0.906250 0.812500
vt 0.906250 0.312500
vt 0.906250 0.750000
vt 0.906250 0.250000
vt 0.906250 0.687500
vt 0.906250 0.187500
vt 0.906250 0.625000
vt 0.906250 0.125000
vt 0.906250 0.562500
vt 0.906250 0.062500
vt 0.906250 0.500000
vt 0.921875 1.000000
vt 0.906250 0.937500
vt 0.921875 0.000000
vt 0.875000 0.187500
vt 0.875000 0.125000
vt 0.875000 0.625000
vt 0.875000 0.562500
vt 0.875000 0.062500
vt 0.875000 0.500000
vt 0.890625 1.000000
vt 0.875000 0.937500
vt 0.890625 0.000000
vt 0.875000 0.437500
vt 0.875000 0.875000
vt 0.875000 0.375000
vt 0.875000 0.812500
vt 0.875000 0.312500
vt 0.875000 0.750000
vt 0.875000 0.250000
vt 0.875000 0.687500
vt 0.843750 0.875000
vt 0.843750 0.812500
vt 0.843750 0.375000
vt 0.843750 0.312500
vt 0.843750 0.750000
vt 0.843750 0.250000
vt 0.843750 0.687500
vt 0.843750 0.187500
vt 0.843750 0.625000
vt 0.843750 0.125000
vt 0.843750 0.562500
vt 0.843750 0.062500
vt 0.843750 0.500000
vt 0.859375 1.000000
vt 0.843750 0.937500
vt 0.859375 0.000000
vt 0.843750 0.437500
vt 0.812500 0.625000
vt 0.812500 0.562500
vt 0.812500 0.125000
vt 0.812500 0.062500
vt 0.812500 0.500000
vt 0.828125 1.000000
vt 0.812500 0.937500
vt 0.828125 0.000000
vt 0.812500 0.437500
vt 0.812500 0.875000
vt 0.812500 0.375000
vt 0.812500 0.812500
vt 0.812500 0.312500
vt 0.812500 0.750000
vt 0.812500 0.250000
vt 0.812500 0.687500
vt 0.812500 0.187500
vt 0.781250 0.375000
vt 0.781250 0.312500
vt 0.781250 0.812500
vt 0.781250 0.750000
vt 0.781250 0.250000
vt 0.781250 0.687500
vt 0.781250 0.187500
vt 0.781250 0.625000
vt 0.781250 0.125000
vt 0.781250 0.562500
vt 0.781250 0.062500
vt 0.781250 0.500000
vt 0.796875 1.000000
vt 0.781250 0.937500
vt 0.796875 0.000000
vt 0.781250 0.437500
vt 0.781250 0.875000
vt 0.765625 1.000000
vt 0.765625 0.000000
vn 0.9142 0.3593 -0.1874
vn 0.8443 0.5244 -0.1108
vn 0.8817 0.4683 0.0574
vn 0.9540 0.2998 -0.0089
vn 0.2777 -0.8834 -0.3776
vn 0.4500 -0.7952 -0.4063
vn 0.4657 -0.8188 -0.3357
vn 0.2858 -0.8956 -0.3410
vn 0.9494 0.1807 -0.2568
vn 0.9899 0.1200 -0.0748
vn 0.1039 0.9560 0.2744
vn -0.0887 0.9388 0.3328
vn 0.1121 0.9438 0.3109
vn 0.0887 -0.9388 -0.3328
vn 0.9486 -0.0048 -0.3164
vn 0.9884 -0.0643 -0.1379
vn 0.2865 0.9354 0.2071
vn 0.3022 0.9119 0.2777
vn 0.9117 -0.1902 -0.3641
vn 0.9492 -0.2463 -0.1958
vn 0.4580 0.8791 0.1320
vn 0.4807 0.8451 0.2338
vn 0.8402 -0.3684 -0.3979
vn 0.8740 -0.4189 -0.2463
vn 0.6118 0.7893 0.0519
vn 0.6406 0.7462 0.1811
vn 0.7367 -0.5327 -0.4166
vn 0.7654 -0.5758 -0.2874
vn 0.7422 0.6695 -0.0301
vn 0.7759 0.6190 0.1216
vn 0.6050 -0.6768 -0.4195
vn 0.6276 -0.7108 -0.3176
vn 0.7780 0.5646 0.2756
vn 0.8840 0.4079 0.2284
vn 0.6290 -0.7473 -0.2142
vn 0.4667 -0.8441 -0.2640
vn 0.9564 0.2358 0.1724
vn 0.2863 -0.9087 -0.3038
vn 0.9924 0.0548 0.1100
vn 0.1126 0.9307 0.3481
vn 0.9908 -0.1284 0.0434
vn 0.3032 0.8866 0.3494
vn 0.9515 -0.3066 -0.0249
vn 0.4820 0.8086 0.3373
vn 0.8760 -0.4733 -0.0923
vn 0.6423 0.6999 0.3124
vn 0.7672 -0.6221 -0.1562
vn 0.9558 -0.1945 0.2206
vn 0.9185 -0.3689 0.1421
vn 0.2894 0.8604 0.4194
vn 0.4621 0.7709 0.4384
vn 0.8463 -0.5295 0.0582
vn 0.6170 0.6520 0.4406
vn 0.7419 -0.6700 -0.0279
vn 0.7483 0.5084 0.4261
vn 0.6091 -0.7850 -0.1131
vn 0.8510 0.3456 0.3954
vn 0.4529 -0.8702 -0.1940
vn 0.9214 0.1697 0.3496
vn 0.2791 -0.9222 -0.2676
vn 0.9568 -0.0126 0.2906
vn 0.1054 0.9171 0.3844
vn 0.5685 -0.8225 -0.0182
vn 0.4248 -0.8962 -0.1283
vn 0.7840 0.2837 0.5521
vn 0.8503 0.1041 0.5158
vn 0.2646 -0.9357 -0.2335
vn 0.8843 -0.0795 0.4600
vn 0.0908 0.9037 0.4184
vn 0.8847 -0.2601 0.3868
vn 0.2613 0.8345 0.4851
vn 0.8515 -0.4308 0.2988
vn 0.4215 0.7334 0.5333
vn 0.7860 -0.5852 0.1994
vn 0.5656 0.6045 0.5610
vn 0.6904 -0.7175 0.0924
vn 0.6879 0.4527 0.5673
vn 0.2200 0.8097 0.5440
vn 0.3620 0.6977 0.6182
vn 0.7531 -0.4898 0.4391
vn 0.6973 -0.6384 0.3259
vn 0.4900 0.5592 0.6687
vn 0.6149 -0.7628 0.2002
vn 0.5992 0.3995 0.6938
vn 0.5089 -0.8582 0.0667
vn 0.6856 0.2247 0.6924
vn 0.3835 -0.9209 -0.0694
vn 0.7459 0.0414 0.6647
vn 0.2432 -0.9485 -0.2030
vn 0.7779 -0.1434 0.6118
vn 0.0695 0.8909 0.4489
vn 0.7803 -0.3227 0.5357
vn 0.5596 0.1707 0.8110
vn 0.6122 -0.0158 0.7905
vn 0.3306 -0.9436 -0.0196
vn 0.2158 -0.9602 -0.1772
vn 0.6416 -0.2017 0.7400
vn 0.0421 0.8792 0.4747
vn 0.6466 -0.3799 0.6615
vn 0.1671 0.7871 0.5938
vn 0.6271 -0.5438 0.5577
vn 0.2857 0.6651 0.6900
vn 0.5837 -0.6870 0.4328
vn 0.3932 0.5178 0.7598
vn 0.5181 -0.8042 0.2913
vn 0.4857 0.3509 0.8006
vn 0.4326 -0.8909 0.1385
vn 0.4782 -0.5906 0.6500
vn 0.4496 -0.7292 0.5159
vn 0.1956 0.6367 0.7459
vn 0.2789 0.4818 0.8307
vn 0.4038 -0.8401 0.3621
vn 0.3515 0.3087 0.8838
vn 0.3425 -0.9192 0.1944
vn 0.4107 0.1240 0.9033
vn 0.2682 -0.9632 0.0191
vn 0.4543 -0.0654 0.8884
vn 0.1835 -0.9704 -0.1572
vn 0.4806 -0.2523 0.8399
vn 0.0097 0.8690 0.4947
vn 0.4887 -0.4295 0.7594
vn 0.1047 0.7675 0.6325
vn 0.1986 -0.9790 0.0453
vn 0.1474 -0.9786 -0.1436
vn 0.2783 -0.1055 0.9547
vn 0.3012 -0.2932 0.9074
vn -0.0263 0.8608 0.5083
vn 0.3127 -0.4697 0.8256
vn 0.0351 0.7516 0.6587
vn 0.3123 -0.6284 0.7125
vn 0.0951 0.6139 0.7837
vn 0.3000 -0.7632 0.5722
vn 0.1515 0.4528 0.8786
vn 0.2763 -0.8692 0.4101
vn 0.2020 0.2747 0.9401
vn 0.2421 -0.9421 0.2322
vn 0.2448 0.0862 0.9657
vn 0.1408 -0.7879 0.5994
vn 0.1407 -0.8902 0.4333
vn 0.0158 0.4318 0.9018
vn 0.0428 0.2500 0.9673
vn 0.1352 -0.9586 0.2505
vn 0.0682 0.0588 0.9959
vn 0.1245 -0.9905 0.0579
vn 0.0909 -0.1346 0.9867
vn 0.1090 -0.9845 -0.1370
vn 0.1102 -0.3228 0.9400
vn -0.0647 0.8548 0.5149
vn 0.1253 -0.4987 0.8577
vn -0.0390 0.7401 0.6713
vn 0.1356 -0.6558 0.7427
vn -0.0118 0.5973 0.8019
vn -0.1040 0.8514 0.5142
vn 0.0698 -0.9880 -0.1377
vn -0.0851 -0.3400 0.9366
vn -0.0662 -0.5156 0.8543
vn -0.1147 0.7335 0.6700
vn -0.0449 -0.6717 0.7395
vn -0.1211 0.5876 0.8000
vn -0.0219 -0.8023 0.5966
vn -0.1228 0.4196 0.8994
vn 0.0020 -0.9024 0.4308
vn -0.1199 0.2356 0.9644
vn 0.0259 -0.9683 0.2485
vn -0.1124 0.0429 0.9927
vn 0.0487 -0.9972 0.0566
vn -0.1006 -0.1515 0.9833
vn -0.2592 0.4166 0.8714
vn -0.2799 0.2322 0.9315
vn -0.1343 -0.9054 0.4028
vn -0.0816 -0.9706 0.2265
vn -0.2899 0.0390 0.9562
vn -0.0257 -0.9988 0.0413
vn -0.2890 -0.1555 0.9446
vn 0.0312 -0.9888 -0.1457
vn -0.2770 -0.3441 0.8971
vn -0.1425 0.8505 0.5063
vn -0.2546 -0.5197 0.8156
vn -0.1892 0.7318 0.6547
vn -0.2224 -0.6755 0.7030
vn -0.2286 0.5853 0.7779
vn -0.1818 -0.8057 0.5637
vn -0.4584 -0.3351 0.8232
vn -0.4325 -0.5108 0.7430
vn -0.1790 0.8523 0.4914
vn -0.2595 0.7354 0.6260
vn -0.3901 -0.6671 0.6346
vn -0.3301 0.5904 0.7365
vn -0.3330 -0.7982 0.5021
vn -0.3879 0.4231 0.8189
vn -0.2631 -0.8989 0.3503
vn -0.4310 0.2397 0.8699
vn -0.1831 -0.9655 0.1851
vn -0.4576 0.0474 0.8879
vn -0.0961 -0.9953 0.0126
vn -0.4669 -0.1466 0.8721
vn -0.0052 -0.9870 -0.1605
vn -0.3793 -0.8833 0.2753
vn -0.2747 -0.9532 0.1260
vn -0.5674 0.2580 0.7820
vn -0.6090 0.0677 0.7903
vn -0.1596 -0.9868 -0.0283
vn -0.6275 -0.1251 0.7685
vn -0.0381 -0.9826 -0.1817
vn -0.6221 -0.3131 0.7176
vn -0.2119 0.8568 0.4702
vn -0.5931 -0.4892 0.6395
vn -0.3230 0.7439 0.5851
vn -0.5415 -0.6468 0.5370
vn -0.4217 0.6027 0.6774
vn -0.4694 -0.7799 0.4141
vn -0.5042 0.4386 0.7439
vn -0.2400 0.8636 0.4434
vn -0.3773 0.7571 0.5334
vn -0.7302 -0.4559 0.5088
vn -0.6708 -0.6154 0.4139
vn -0.5000 0.6217 0.6029
vn -0.5859 -0.7516 0.3031
vn -0.6035 0.4628 0.6493
vn -0.4786 -0.8592 0.1808
vn -0.6839 0.2863 0.6710
vn -0.3530 -0.9342 0.0514
vn -0.7383 0.0991 0.6671
vn -0.2138 -0.9736 -0.0800
vn -0.7646 -0.0918 0.6379
vn -0.0662 -0.9758 -0.2085
vn -0.7619 -0.2791 0.5845
vn -0.7760 0.3236 0.5413
vn -0.8405 0.1405 0.5232
vn -0.4149 -0.9092 -0.0357
vn -0.2567 -0.9563 -0.1403
vn -0.8731 -0.0479 0.4853
vn -0.0885 -0.9668 -0.2398
vn -0.8724 -0.2344 0.4289
vn -0.2622 0.8726 0.4122
vn -0.8387 -0.4120 0.3562
vn -0.4201 0.7744 0.4731
vn -0.7730 -0.5740 0.2700
vn -0.5618 0.6467 0.5158
vn -0.6780 -0.7143 0.1735
vn -0.6820 0.4945 0.5388
vn -0.5571 -0.8275 0.0703
vn -0.9142 -0.3593 0.1874
vn -0.8443 -0.5244 0.1108
vn -0.4500 0.7952 0.4063
vn -0.6050 0.6768 0.4195
vn -0.7422 -0.6695 0.0301
vn -0.7367 0.5327 0.4166
vn -0.6118 -0.7893 -0.0519
vn -0.8402 0.3684 0.3979
vn -0.4580 -0.8791 -0.1320
vn -0.9117 0.1902 0.3641
vn -0.2865 -0.9354 -0.2071
vn -0.9486 0.0048 0.3164
vn -0.1039 -0.9560 -0.2744
vn -0.9494 -0.1807 0.2568
vn -0.2777 0.8834 0.3776
vn -0.4807 -0.8451 -0.2338
vn -0.3022 -0.9119 -0.2777
vn -0.9492 0.2463 0.1958
vn -0.9884 0.0643 0.1379
vn -0.1121 -0.9438 -0.3109
vn -0.9899 -0.1200 0.0748
vn -0.2858 0.8956 0.3410
vn -0.9540 -0.2998 0.0089
vn -0.4657 0.8188 0.3357
vn -0.8817 -0.4683 -0.0574
vn -0.6276 0.7108 0.3176
vn -0.7759 -0.6190 -0.1216
vn -0.7654 0.5758 0.2874
vn -0.6406 -0.7462 -0.1811
vn -0.8740 0.4189 0.2463
vn -0.8840 -0.4079 -0.2284
vn -0.7780 -0.5646 -0.2756
vn -0.6290 0.7473 0.2142
vn -0.7672 0.6221 0.1562
vn -0.6423 -0.6999 -0.3124
vn -0.8760 0.4733 0.0923
vn -0.4820 -0.8086 -0.3373
vn -0.9515 0.3066 0.0249
vn -0.3032 -0.8866 -0.3494
vn -0.9908 0.1284 -0.0434
vn -0.1126 -0.9307 -0.3481
vn -0.9924 -0.0548 -0.1100
vn -0.2863 0.9087 0.3039
vn -0.9564 -0.2358 -0.1725
vn -0.4667 0.8441 0.2640
vn -0.2894 -0.8604 -0.4194
vn -0.1054 -0.9171 -0.3844
vn -0.9558 0.1945 -0.2206
vn -0.9568 0.0126 -0.2906
vn -0.2791 0.9222 0.2676
vn -0.9214 -0.1697 -0.3496
vn -0.4529 0.8702 0.1940
vn -0.8510 -0.3456 -0.3954
vn -0.6091 0.7850 0.1131
vn -0.7483 -0.5084 -0.4261
vn -0.7419 0.6700 0.0279
vn -0.6170 -0.6520 -0.4407
vn -0.8463 0.5295 -0.0582
vn -0.4621 -0.7709 -0.4384
vn -0.9185 0.3689 -0.1421
vn -0.5685 0.8225 0.0182
vn -0.6904 0.7175 -0.0924
vn -0.6879 -0.4527 -0.5673
vn -0.5656 -0.6045 -0.5610
vn -0.7860 0.5852 -0.1994
vn -0.4215 -0.7334 -0.5333
vn -0.8515 0.4308 -0.2988
vn -0.2613 -0.8345 -0.4851
vn -0.8847 0.2601 -0.3868
vn -0.0909 -0.9037 -0.4184
vn -0.8843 0.0795 -0.4600
vn -0.2646 0.9357 0.2335
vn -0.8503 -0.1041 -0.5158
vn -0.4248 0.8962 0.1283
vn -0.7840 -0.2837 -0.5521
vn -0.7803 0.3227 -0.5357
vn -0.7779 0.1434 -0.6118
vn -0.2432 0.9485 0.2030
vn -0.0695 -0.8909 -0.4489
vn -0.7459 -0.0414 -0.6647
vn -0.3835 0.9209 0.0694
vn -0.6856 -0.2247 -0.6924
vn -0.5089 0.8582 -0.0667
vn -0.5992 -0.3995 -0.6938
vn -0.6149 0.7628 -0.2002
vn -0.4900 -0.5592 -0.6687
vn -0.6973 0.6384 -0.3259
vn -0.3620 -0.6977 -0.6182
vn -0.7531 0.4898 -0.4391
vn -0.2200 -0.8097 -0.5440
vn -0.4857 -0.3509 -0.8006
vn -0.3932 -0.5178 -0.7598
vn -0.5181 0.8042 -0.2913
vn -0.5837 0.6870 -0.4328
vn -0.2857 -0.6651 -0.6900
vn -0.6271 0.5438 -0.5577
vn -0.1671 -0.7871 -0.5938
vn -0.6466 0.3799 -0.6615
vn -0.0421 -0.8791 -0.4747
vn -0.6416 0.2017 -0.7400
vn -0.2158 0.9602 0.1772
vn -0.6122 0.0158 -0.7905
vn -0.3306 0.9436 0.0196
vn -0.5596 -0.1707 -0.8110
vn -0.4326 0.8909 -0.1385
vn -0.1835 0.9704 0.1572
vn -0.0097 -0.8690 -0.4947
vn -0.4806 0.2523 -0.8399
vn -0.4543 0.0654 -0.8884
vn -0.2682 0.9632 -0.0191
vn -0.4107 -0.1240 -0.9033
vn -0.3425 0.9192 -0.1944
vn -0.3515 -0.3087 -0.8838
vn -0.4038 0.8401 -0.3621
vn -0.2789 -0.4818 -0.8307
vn -0.4496 0.7292 -0.5159
vn -0.1956 -0.6367 -0.7459
vn -0.4782 0.5906 -0.6500
vn -0.1047 -0.7675 -0.6325
vn -0.4887 0.4295 -0.7594
vn -0.2763 0.8692 -0.4101
vn -0.3000 0.7632 -0.5722
vn -0.1515 -0.4528 -0.8786
vn -0.0951 -0.6139 -0.7837
vn -0.3123 0.6284 -0.7125
vn -0.0351 -0.7516 -0.6587
vn -0.3127 0.4697 -0.8256
vn 0.0263 -0.8608 -0.5083
vn -0.3012 0.2932 -0.9074
vn -0.1474 0.9786 0.1436
vn -0.2783 0.1055 -0.9547
vn -0.1986 0.9790 -0.0453
vn -0.2448 -0.0862 -0.9657
vn -0.2421 0.9421 -0.2322
vn -0.2020 -0.2747 -0.9401
vn -0.1102 0.3228 -0.9400
vn -0.0909 0.1346 -0.9867
vn -0.1090 0.9845 0.1370
vn -0.1245 0.9905 -0.0579
vn -0.0681 -0.0588 -0.9959
vn -0.1352 0.9586 -0.2505
vn -0.0428 -0.2500 -0.9673
vn -0.1407 0.8902 -0.4333
vn -0.0158 -0.4318 -0.9018
vn -0.1408 0.7879 -0.5994
vn 0.0118 -0.5973 -0.8019
vn -0.1356 0.6557 -0.7427
vn 0.0390 -0.7401 -0.6713
vn -0.1253 0.4987 -0.8577
vn 0.0647 -0.8548 -0.5149
vn 0.1228 -0.4196 -0.8994
vn 0.1211 -0.5876 -0.8000
vn 0.0219 0.8023 -0.5966
vn 0.0449 0.6717 -0.7395
vn 0.1147 -0.7335 -0.6700
vn 0.0662 0.5156 -0.8543
vn 0.1040 -0.8514 -0.5142
vn 0.0851 0.3400 -0.9366
vn -0.0698 0.9880 0.1377
vn 0.1006 0.1515 -0.9833
vn -0.0487 0.9972 -0.0566
vn 0.1124 -0.0429 -0.9927
vn -0.0259 0.9683 -0.2485
vn 0.1199 -0.2356 -0.9644
vn -0.0020 0.9024 -0.4308
vn 0.2890 0.1555 -0.9446
vn 0.2899 -0.0390 -0.9562
vn 0.0257 0.9988 -0.0413
vn 0.0816 0.9706 -0.2265
vn 0.2799 -0.2322 -0.9315
vn 0.1343 0.9054 -0.4028
vn 0.2592 -0.4166 -0.8714
vn 0.1818 0.8057 -0.5637
vn 0.2286 -0.5853 -0.7779
vn 0.2224 0.6755 -0.7030
vn 0.1892 -0.7318 -0.6547
vn 0.2546 0.5197 -0.8156
vn 0.1425 -0.8505 -0.5063
vn 0.2770 0.3441 -0.8971
vn -0.0312 0.9888 0.1457
vn 0.3301 -0.5904 -0.7365
vn 0.2595 -0.7354 -0.6260
vn 0.3901 0.6671 -0.6346
vn 0.4325 0.5108 -0.7430
vn 0.1790 -0.8523 -0.4914
vn 0.4584 0.3351 -0.8232
vn 0.0052 0.9870 0.1605
vn 0.4669 0.1466 -0.8721
vn 0.0961 0.9953 -0.0126
vn 0.4576 -0.0474 -0.8879
vn 0.1831 0.9655 -0.1851
vn 0.4310 -0.2397 -0.8699
vn 0.2631 0.8989 -0.3503
vn 0.3879 -0.4231 -0.8189
vn 0.3330 0.7982 -0.5021
vn 0.1596 0.9868 0.0283
vn 0.2747 0.9532 -0.1260
vn 0.6090 -0.0677 -0.7903
vn 0.5674 -0.2580 -0.7820
vn 0.3793 0.8833 -0.2753
vn 0.5042 -0.4386 -0.7439
vn 0.4694 0.7799 -0.4141
vn 0.4217 -0.6027 -0.6774
vn 0.5415 0.6468 -0.5370
vn 0.3230 -0.7439 -0.5851
vn 0.5931 0.4892 -0.6395
vn 0.2119 -0.8568 -0.4702
vn 0.6221 0.3131 -0.7176
vn 0.0381 0.9826 0.1817
vn 0.6275 0.1251 -0.7685
vn 0.6708 0.6154 -0.4139
vn 0.7302 0.4559 -0.5088
vn 0.3773 -0.7571 -0.5334
vn 0.2400 -0.8636 -0.4434
vn 0.7619 0.2791 -0.5845
vn 0.0662 0.9758 0.2085
vn 0.7646 0.0918 -0.6379
vn 0.2138 0.9736 0.0800
vn 0.7383 -0.0991 -0.6671
vn 0.3530 0.9342 -0.0514
vn 0.6839 -0.2863 -0.6710
vn 0.4786 0.8592 -0.1808
vn 0.6035 -0.4628 -0.6493
vn 0.5859 0.7516 -0.3031
vn 0.5000 -0.6217 -0.6029
vn 0.8405 -0.1405 -0.5232
vn 0.7760 -0.3236 -0.5413
vn 0.4149 0.9092 0.0357
vn 0.5571 0.8275 -0.0703
vn 0.6820 -0.4945 -0.5388
vn 0.6780 0.7143 -0.1735
vn 0.5618 -0.6467 -0.5158
vn 0.7730 0.5740 -0.2700
vn 0.4201 -0.7744 -0.4731
vn 0.8387 0.4120 -0.3562
vn 0.2622 -0.8726 -0.4121
vn 0.8724 0.2344 -0.4289
vn 0.0885 0.9668 0.2398
vn 0.8731 0.0479 -0.4853
vn 0.2567 0.9563 0.1403
usemtl Earth.001
s 1
f 1/1/1 2/2/2 3/3/3 4/4/4
f 5/5/5 6/6/6 7/7/7 8/8/8
f 9/9/9 1/1/1 4/4/4 10/10/10
f 11/11/11 12/12/12 13/13/13
f 14/14/14 5/5/5 8/8/8
f 15/15/15 9/9/9 10/10/10 16/16/16
f 17/17/17 11/11/11 13/13/13 18/18/18
f 19/19/19 15/15/15 16/16/16 20/20/20
f 21/21/21 17/17/17 18/18/18 22/22/22
f 23/23/23 19/19/19 20/20/20 24/24/24
f 25/25/25 21/21/21 22/22/22 26/26/26
f 27/27/27 23/23/23 24/24/24 28/28/28
f 29/29/29 25/25/25 26/26/26 30/30/30
f 31/31/31 27/27/27 28/28/28 32/32/32
f 2/2/2 29/29/29 30/30/30 3/3/3
f 6/6/6 31/31/31 32/32/32 7/7/7
f 3/3/3 30/30/30 33/33/33 34/34/34
f 7/7/7 32/32/32 35/35/35 36/36/36
f 4/4/4 3/3/3 34/34/34 37/37/37
f 8/8/8 7/7/7 36/36/36 38/38/38
f 10/10/10 4/4/4 37/37/37 39/39/39
f 13/13/13 12/40/12 40/41/40
f 14/42/14 8/8/8 38/38/38
f 16/16/16 10/10/10 39/39/39 41/43/41
f 18/18/18 13/13/13 40/41/40 42/44/42
f 20/20/20 16/16/16 41/43/41 43/45/43
f 22/22/22 18/18/18 42/44/42 44/46/44
f 24/24/24 20/20/20 43/45/43 45/47/45
f 26/26/26 22/22/22 44/46/44 46/48/46
f 28/28/28 24/24/24 45/47/45 47/49/47
f 30/30/30 26/26/26 46/48/46 33/33/33
f 32/32/32 28/28/28 47/49/47 35/35/35
f 43/45/43 41/43/41 48/50/48 49/51/49
f 44/46/44 42/44/42 50/52/50 51/53/51
f 45/47/45 43/45/43 49/51/49 52/54/52
f 46/48/46 44/46/44 51/53/51 53/55/53
f 47/49/47 45/47/45 52/54/52 54/56/54
f 33/33/33 46/48/46 53/55/53 55/57/55
f 35/35/35 47/49/47 54/56/54 56/58/56
f 34/34/34 33/33/33 55/57/55 57/59/57
f 36/36/36 35/35/35 56/58/56 58/60/58
f 37/37/37 34/34/34 57/59/57 59/61/59
f 38/38/38 36/36/36 58/60/58 60/62/60
f 39/39/39 37/37/37 59/61/59 61/63/61
f 40/41/40 12/64/12 62/65/62
f 14/66/14 38/38/38 60/62/60
f 41/43/41 39/39/39 61/63/61 48/50/48
f 42/44/42 40/41/40 62/65/62 50/52/50
f 58/60/58 56/58/56 63/67/63 64/68/64
f 59/61/59 57/59/57 65/69/65 66/70/66
f 60/62/60 58/60/58 64/68/64 67/71/67
f 61/63/61 59/61/59 66/70/66 68/72/68
f 62/65/62 12/73/12 69/74/69
f 14/75/14 60/62/60 67/71/67
f 48/50/48 61/63/61 68/72/68 70/76/70
f 50/52/50 62/65/62 69/74/69 71/77/71
f 49/51/49 48/50/48 70/76/70 72/78/72
f 51/53/51 50/52/50 71/77/71 73/79/73
f 52/54/52 49/51/49 72/78/72 74/80/74
f 53/55/53 51/53/51 73/79/73 75/81/75
f 54/56/54 52/54/52 74/80/74 76/82/76
f 55/57/55 53/55/53 75/81/75 77/83/77
f 56/58/56 54/56/54 76/82/76 63/67/63
f 57/59/57 55/57/55 77/83/77 65/69/65
f 73/79/73 71/77/71 78/84/78 79/85/79
f 74/80/74 72/78/72 80/86/80 81/87/81
f 75/81/75 73/79/73 79/85/79 82/88/82
f 76/82/76 74/80/74 81/87/81 83/89/83
f 77/83/77 75/81/75 82/88/82 84/90/84
f 63/67/63 76/82/76 83/89/83 85/91/85
f 65/69/65 77/83/77 84/90/84 86/92/86
f 64/68/64 63/67/63 85/91/85 87/93/87
f 66/70/66 65/69/65 86/92/86 88/94/88
f 67/71/67 64/68/64 87/93/87 89/95/89
f 68/72/68 66/70/66 88/94/88 90/96/90
f 69/74/69 12/97/12 91/98/91
f 14/99/14 67/71/67 89/95/89
f 70/76/70 68/72/68 90/96/90 92/100/92
f 71/77/71 69/74/69 91/98/91 78/84/78
f 72/78/72 70/76/70 92/100/92 80/86/80
f 88/94/88 86/92/86 93/101/93 94/102/94
f 89/95/89 87/93/87 95/103/95 96/104/96
f 90/96/90 88/94/88 94/102/94 97/105/97
f 91/98/91 12/106/12 98/107/98
f 14/108/14 89/95/89 96/104/96
f 92/100/92 90/96/90 97/105/97 99/109/99
f 78/84/78 91/98/91 98/107/98 100/110/100
f 80/86/80 92/100/92 99/109/99 101/111/101
f 79/85/79 78/84/78 100/110/100 102/112/102
f 81/87/81 80/86/80 101/111/101 103/113/103
f 82/88/82 79/85/79 102/112/102 104/114/104
f 83/89/83 81/87/81 103/113/103 105/115/105
f 84/90/84 82/88/82 104/114/104 106/116/106
f 85/91/85 83/89/83 105/115/105 107/117/107
f 86/92/86 84/90/84 106/116/106 93/101/93
f 87/93/87 85/91/85 107/117/107 95/103/95
f 103/113/103 101/111/101 108/118/108 109/119/109
f 104/114/104 102/112/102 110/120/110 111/121/111
f 105/115/105 103/113/103 109/119/109 112/122/112
f 106/116/106 104/114/104 111/121/111 113/123/113
f 107/117/107 105/115/105 112/122/112 114/124/114
f 93/101/93 106/116/106 113/123/113 115/125/115
f 95/103/95 107/117/107 114/124/114 116/126/116
f 94/102/94 93/101/93 115/125/115 117/127/117
f 96/104/96 95/103/95 116/126/116 118/128/118
f 97/105/97 94/102/94 117/127/117 119/129/119
f 98/107/98 12/130/12 120/131/120
f 14/132/14 96/104/96 118/128/118
f 99/109/99 97/105/97 119/129/119 121/133/121
f 100/110/100 98/107/98 120/131/120 122/134/122
f 101/111/101 99/109/99 121/133/121 108/118/108
f 102/112/102 100/110/100 122/134/122 110/120/110
f 118/128/118 116/126/116 123/135/123 124/136/124
f 119/129/119 117/127/117 125/137/125 126/138/126
f 120/131/120 12/139/12 127/140/127
f 14/141/14 118/128/118 124/136/124
f 121/133/121 119/129/119 126/138/126 128/142/128
f 122/134/122 120/131/120 127/140/127 129/143/129
f 108/118/108 121/133/121 128/142/128 130/144/130
f 110/120/110 122/134/122 129/143/129 131/145/131
f 109/119/109 108/118/108 130/144/130 132/146/132
f 111/121/111 110/120/110 131/145/131 133/147/133
f 112/122/112 109/119/109 132/146/132 134/148/134
f 113/123/113 111/121/111 133/147/133 135/149/135
f 114/124/114 112/122/112 134/148/134 136/150/136
f 115/125/115 113/123/113 135/149/135 137/151/137
f 116/126/116 114/124/114 136/150/136 123/135/123
f 117/127/117 115/125/115 137/151/137 125/137/125
f 134/148/134 132/146/132 138/152/138 139/153/139
f 135/149/135 133/147/133 140/154/140 141/155/141
f 136/150/136 134/148/134 139/153/139 142/156/142
f 137/151/137 135/149/135 141/155/141 143/157/143
f 123/135/123 136/150/136 142/156/142 144/158/144
f 125/137/125 137/151/137 143/157/143 145/159/145
f 124/136/124 123/135/123 144/158/144 146/160/146
f 126/138/126 125/137/125 145/159/145 147/161/147
f 127/140/127 12/162/12 148/163/148
f 14/164/14 124/136/124 146/160/146
f 128/142/128 126/138/126 147/161/147 149/165/149
f 129/143/129 127/140/127 148/163/148 150/166/150
f 130/144/130 128/142/128 149/165/149 151/167/151
f 131/145/131 129/143/129 150/166/150 152/168/152
f 132/146/132 130/144/130 151/167/151 138/152/138
f 133/147/133 131/145/131 152/168/152 140/154/140
f 148/163/148 12/169/12 153/170/153
f 14/171/14 146/160/146 154/172/154
f 149/165/149 147/161/147 155/173/155 156/174/156
f 150/166/150 148/163/148 153/170/153 157/175/157
f 151/167/151 149/165/149 156/174/156 158/176/158
f 152/168/152 150/166/150 157/175/157 159/177/159
f 138/152/138 151/167/151 158/176/158 160/178/160
f 140/154/140 152/168/152 159/177/159 161/179/161
f 139/153/139 138/152/138 160/178/160 162/180/162
f 141/155/141 140/154/140 161/179/161 163/181/163
f 142/156/142 139/153/139 162/180/162 164/182/164
f 143/157/143 141/155/141 163/181/163 165/183/165
f 144/158/144 142/156/142 164/182/164 166/184/166
f 145/159/145 143/157/143 165/183/165 167/185/167
f 146/160/146 144/158/144 166/184/166 154/172/154
f 147/161/147 145/159/145 167/185/167 155/173/155
f 163/181/163 161/179/161 168/186/168 169/187/169
f 164/182/164 162/180/162 170/188/170 171/189/171
f 165/183/165 163/181/163 169/187/169 172/190/172
f 166/184/166 164/182/164 171/189/171 173/191/173
f 167/185/167 165/183/165 172/190/172 174/192/174
f 154/172/154 166/184/166 173/191/173 175/193/175
f 155/173/155 167/185/167 174/192/174 176/194/176
f 153/170/153 12/195/12 177/196/177
f 14/197/14 154/172/154 175/193/175
f 156/174/156 155/173/155 176/194/176 178/198/178
f 157/175/157 153/170/153 177/196/177 179/199/179
f 158/176/158 156/174/156 178/198/178 180/200/180
f 159/177/159 157/175/157 179/199/179 181/201/181
f 160/178/160 158/176/158 180/200/180 182/202/182
f 161/179/161 159/177/159 181/201/181 168/186/168
f 162/180/162 160/178/160 182/202/182 170/188/170
f 178/198/178 176/194/176 183/203/183 184/204/184
f 179/199/179 177/196/177 185/205/185 186/206/186
f 180/200/180 178/198/178 184/204/184 187/207/187
f 181/201/181 179/199/179 186/206/186 188/208/188
f 182/202/182 180/200/180 187/207/187 189/209/189
f 168/186/168 181/201/181 188/208/188 190/210/190
f 170/188/170 182/202/182 189/209/189 191/211/191
f 169/187/169 168/186/168 190/210/190 192/212/192
f 171/189/171 170/188/170 191/211/191 193/213/193
f 172/190/172 169/187/169 192/212/192 194/214/194
f 173/191/173 171/189/171 193/213/193 195/215/195
f 174/192/174 172/190/172 194/214/194 196/216/196
f 175/193/175 173/191/173 195/215/195 197/217/197
f 176/194/176 174/192/174 196/216/196 183/203/183
f 177/196/177 12/218/12 185/205/185
f 14/219/14 175/193/175 197/217/197
f 193/213/193 191/211/191 198/220/198 199/221/199
f 194/214/194 192/212/192 200/222/200 201/223/201
f 195/215/195 193/213/193 199/221/199 202/224/202
f 196/216/196 194/214/194 201/223/201 203/225/203
f 197/217/197 195/215/195 202/224/202 204/226/204
f 183/203/183 196/216/196 203/225/203 205/227/205
f 185/205/185 12/228/12 206/229/206
f 14/230/14 197/217/197 204/226/204
f 184/204/184 183/203/183 205/227/205 207/231/207
f 186/206/186 185/205/185 206/229/206 208/232/208
f 187/207/187 184/204/184 207/231/207 209/233/209
f 188/208/188 186/206/186 208/232/208 210/234/210
f 189/209/189 187/207/187 209/233/209 211/235/211
f 190/210/190 188/208/188 210/234/210 212/236/212
f 191/211/191 189/209/189 211/235/211 198/220/198
f 192/212/192 190/210/190 212/236/212 200/222/200
f 208/232/208 206/229/206 213/237/213 214/238/214
f 209/233/209 207/231/207 215/239/215 216/240/216
f 210/234/210 208/232/208 214/238/214 217/241/217
f 211/235/211 209/233/209 216/240/216 218/242/218
f 212/236/212 210/234/210 217/241/217 219/243/219
f 198/220/198 211/235/211 218/242/218 220/244/220
f 200/222/200 212/236/212 219/243/219 221/245/221
f 199/221/199 198/220/198 220/244/220 222/246/222
f 201/223/201 200/222/200 221/245/221 223/247/223
f 202/224/202 199/221/199 222/246/222 224/248/224
f 203/225/203 201/223/201 223/247/223 225/249/225
f 204/226/204 202/224/202 224/248/224 226/250/226
f 205/227/205 203/225/203 225/249/225 227/251/227
f 206/229/206 12/252/12 213/237/213
f 14/253/14 204/226/204 226/250/226
f 207/231/207 205/227/205 227/251/227 215/239/215
f 223/247/223 221/245/221 228/254/228 229/255/229
f 224/248/224 222/246/222 230/256/230 231/257/231
f 225/249/225 223/247/223 229/255/229 232/258/232
f 226/250/226 224/248/224 231/257/231 233/259/233
f 227/251/227 225/249/225 232/258/232 234/260/234
f 213/237/213 12/261/12 235/262/235
f 14/263/14 226/250/226 233/259/233
f 215/239/215 227/251/227 234/260/234 236/264/236
f 214/238/214 213/237/213 235/262/235 237/265/237
f 216/240/216 215/239/215 236/264/236 238/266/238
f 217/241/217 214/238/214 237/265/237 239/267/239
f 218/242/218 216/240/216 238/266/238 240/268/240
f 219/243/219 217/241/217 239/267/239 241/269/241
f 220/244/220 218/242/218 240/268/240 242/270/242
f 221/245/221 219/243/219 241/269/241 228/254/228
f 222/246/222 220/244/220 242/270/242 230/256/230
f 238/266/238 236/264/236 243/271/243 244/272/244
f 239/267/239 237/265/237 245/273/245 246/274/246
f 240/268/240 238/266/238 244/272/244 247/275/247
f 241/269/241 239/267/239 246/274/246 248/276/248
f 242/270/242 240/268/240 247/275/247 249/277/249
f 228/254/228 241/269/241 248/276/248 250/278/250
f 230/256/230 242/270/242 249/277/249 251/279/251
f 229/255/229 228/254/228 250/278/250 252/280/252
f 231/257/231 230/256/230 251/279/251 253/281/253
f 232/258/232 229/255/229 252/280/252 254/282/254
f 233/259/233 231/257/231 253/281/253 255/283/255
f 234/260/234 232/258/232 254/282/254 256/284/256
f 235/262/235 12/285/12 257/286/257
f 14/287/14 233/259/233 255/283/255
f 236/264/236 234/260/234 256/284/256 243/271/243
f 237/265/237 235/262/235 257/286/257 245/273/245
f 253/281/253 251/279/251 258/288/258 259/289/259
f 254/282/254 252/280/252 260/290/260 261/291/261
f 255/283/255 253/281/253 259/289/259 262/292/262
f 256/284/256 254/282/254 261/291/261 263/293/263
f 257/286/257 12/294/12 264/295/264
f 14/296/14 255/283/255 262/292/262
f 243/271/243 256/284/256 263/293/263 265/297/265
f 245/273/245 257/286/257 264/295/264 266/298/266
f 244/272/244 243/271/243 265/297/265 267/299/267
f 246/274/246 245/273/245 266/298/266 268/300/268
f 247/275/247 244/272/244 267/299/267 269/301/269
f 248/276/248 246/274/246 268/300/268 270/302/270
f 249/277/249 247/275/247 269/301/269 271/303/271
f 250/278/250 248/276/248 270/302/270 272/304/272
f 251/279/251 249/277/249 271/303/271 258/288/258
f 252/280/252 250/278/250 272/304/272 260/290/260
f 269/301/269 267/299/267 273/305/273 274/306/274
f 270/302/270 268/300/268 275/307/275 276/308/276
f 271/303/271 269/301/269 274/306/274 277/309/277
f 272/304/272 270/302/270 276/308/276 278/310/278
f 258/288/258 271/303/271 277/309/277 279/311/279
f 260/290/260 272/304/272 278/310/278 280/312/280
f 259/289/259 258/288/258 279/311/279 281/313/281
f 261/291/261 260/290/260 280/312/280 282/314/282
f 262/292/262 259/289/259 281/313/281 283/315/283
f 263/293/263 261/291/261 282/314/282 284/316/284
f 264/295/264 12/317/12 285/318/285
f 14/319/14 262/292/262 283/315/283
f 265/297/265 263/293/263 284/316/284 286/320/286
f 266/298/266 264/295/264 285/318/285 287/321/287
f 267/299/267 265/297/265 286/320/286 273/305/273
f 268/300/268 266/298/266 287/321/287 275/307/275
f 283/315/283 281/313/281 288/322/288 289/323/289
f 284/316/284 282/314/282 290/324/290 291/325/291
f 285/318/285 12/326/12 292/327/292
f 14/328/14 283/315/283 289/323/289
f 286/320/286 284/316/284 291/325/291 293/329/293
f 287/321/287 285/318/285 292/327/292 294/330/294
f 273/305/273 286/320/286 293/329/293 295/331/295
f 275/307/275 287/321/287 294/330/294 296/332/296
f 274/306/274 273/305/273 295/331/295 297/333/297
f 276/308/276 275/307/275 296/332/296 298/334/298
f 277/309/277 274/306/274 297/333/297 299/335/299
f 278/310/278 276/308/276 298/334/298 300/336/300
f 279/311/279 277/309/277 299/335/299 301/337/301
f 280/312/280 278/310/278 300/336/300 302/338/302
f 281/313/281 279/311/279 301/337/301 288/322/288
f 282/314/282 280/312/280 302/338/302 290/324/290
f 298/334/298 296/332/296 303/339/303 304/340/304
f 299/335/299 297/333/297 305/341/305 306/342/306
f 300/336/300 298/334/298 304/340/304 307/343/307
f 301/337/301 299/335/299 306/342/306 308/344/308
f 302/338/302 300/336/300 307/343/307 309/345/309
f 288/322/288 301/337/301 308/344/308 310/346/310
f 290/324/290 302/338/302 309/345/309 311/347/311
f 289/323/289 288/322/288 310/346/310 312/348/312
f 291/325/291 290/324/290 311/347/311 313/349/313
f 292/327/292 12/350/12 314/351/314
f 14/352/14 289/323/289 312/348/312
f 293/329/293 291/325/291 313/349/313 315/353/315
f 294/330/294 292/327/292 314/351/314 316/354/316
f 295/331/295 293/329/293 315/353/315 317/355/317
f 296/332/296 294/330/294 316/354/316 303/339/303
f 297/333/297 295/331/295 317/355/317 305/341/305
f 313/349/313 311/347/311 318/356/318 319/357/319
f 314/351/314 12/358/12 320/359/320
f 14/360/14 312/348/312 321/361/321
f 315/353/315 313/349/313 319/357/319 322/362/322
f 316/354/316 314/351/314 320/359/320 323/363/323
f 317/355/317 315/353/315 322/362/322 324/364/324
f 303/339/303 316/354/316 323/363/323 325/365/325
f 305/341/305 317/355/317 324/364/324 326/366/326
f 304/340/304 303/339/303 325/365/325 327/367/327
f 306/342/306 305/341/305 326/366/326 328/368/328
f 307/343/307 304/340/304 327/367/327 329/369/329
f 308/344/308 306/342/306 328/368/328 330/370/330
f 309/345/309 307/343/307 329/369/329 331/371/331
f 310/346/310 308/344/308 330/370/330 332/372/332
f 311/347/311 309/345/309 331/371/331 318/356/318
f 312/348/312 310/346/310 332/372/332 321/361/321
f 328/368/328 326/366/326 333/373/333 334/374/334
f 329/369/329 327/367/327 335/375/335 336/376/336
f 330/370/330 328/368/328 334/374/334 337/377/337
f 331/371/331 329/369/329 336/376/336 338/378/338
f 332/372/332 330/370/330 337/377/337 339/379/339
f 318/356/318 331/371/331 338/378/338 340/380/340
f 321/361/321 332/372/332 339/379/339 341/381/341
f 319/357/319 318/356/318 340/380/340 342/382/342
f 320/359/320 12/383/12 343/384/343
f 14/385/14 321/361/321 341/381/341
f 322/362/322 319/357/319 342/382/342 344/386/344
f 323/363/323 320/359/320 343/384/343 345/387/345
f 324/364/324 322/362/322 344/386/344 346/388/346
f 325/365/325 323/363/323 345/387/345 347/389/347
f 326/366/326 324/364/324 346/388/346 333/373/333
f 327/367/327 325/365/325 347/389/347 335/375/335
f 343/384/343 12/390/12 348/391/348
f 14/392/14 341/381/341 349/393/349
f 344/386/344 342/382/342 350/394/350 351/395/351
f 345/387/345 343/384/343 348/391/348 352/396/352
f 346/388/346 344/386/344 351/395/351 353/397/353
f 347/389/347 345/387/345 352/396/352 354/398/354
f 333/373/333 346/388/346 353/397/353 355/399/355
f 335/375/335 347/389/347 354/398/354 356/400/356
f 334/374/334 333/373/333 355/399/355 357/401/357
f 336/376/336 335/375/335 356/400/356 358/402/358
f 337/377/337 334/374/334 357/401/357 359/403/359
f 338/378/338 336/376/336 358/402/358 360/404/360
f 339/379/339 337/377/337 359/403/359 361/405/361
f 340/380/340 338/378/338 360/404/360 362/406/362
f 341/381/341 339/379/339 361/405/361 349/393/349
f 342/382/342 340/380/340 362/406/362 350/394/350
f 358/402/358 356/400/356 363/407/363 364/408/364
f 359/403/359 357/401/357 365/409/365 366/410/366
f 360/404/360 358/402/358 364/408/364 367/411/367
f 361/405/361 359/403/359 366/410/366 368/412/368
f 362/406/362 360/404/360 367/411/367 369/413/369
f 349/393/349 361/405/361 368/412/368 370/414/370
f 350/394/350 362/406/362 369/413/369 371/415/371
f 348/391/348 12/416/12 372/417/372
f 14/418/14 349/393/349 370/414/370
f 351/395/351 350/394/350 371/415/371 373/419/373
f 352/396/352 348/391/348 372/417/372 374/420/374
f 353/397/353 351/395/351 373/419/373 375/421/375
f 354/398/354 352/396/352 374/420/374 376/422/376
f 355/399/355 353/397/353 375/421/375 377/423/377
f 356/400/356 354/398/354 376/422/376 363/407/363
f 357/401/357 355/399/355 377/423/377 365/409/365
f 373/424/373 371/425/371 378/426/378 379/427/379
f 374/428/374 372/429/372 380/430/380 381/431/381
f 375/432/375 373/424/373 379/427/379 382/433/382
f 376/434/376 374/428/374 381/431/381 383/435/383
f 377/436/377 375/432/375 382/433/382 384/437/384
f 363/438/363 376/434/376 383/435/383 385/439/385
f 365/440/365 377/436/377 384/437/384 386/441/386
f 364/442/364 363/438/363 385/439/385 387/443/387
f 366/444/366 365/440/365 386/441/386 388/445/388
f 367/446/367 364/442/364 387/443/387 389/447/389
f 368/448/368 366/444/366 388/445/388 390/449/390
f 369/450/369 367/446/367 389/447/389 391/451/391
f 370/452/370 368/448/368 390/449/390 392/453/392
f 371/425/371 369/450/369 391/451/391 378/426/378
f 372/429/372 12/454/12 380/430/380
f 14/455/14 370/452/370 392/453/392
f 388/445/388 386/441/386 393/456/393 394/457/394
f 389/447/389 387/443/387 395/458/395 396/459/396
f 390/449/390 388/445/388 394/457/394 397/460/397
f 391/451/391 389/447/389 396/459/396 398/461/398
f 392/453/392 390/449/390 397/460/397 399/462/399
f 378/426/378 391/451/391 398/461/398 400/463/400
f 380/430/380 12/464/12 401/465/401
f 14/466/14 392/453/392 399/462/399
f 379/427/379 378/426/378 400/463/400 402/467/402
f 381/431/381 380/430/380 401/465/401 403/468/403
f 382/433/382 379/427/379 402/467/402 404/469/404
f 383/435/383 381/431/381 403/468/403 405/470/405
f 384/437/384 382/433/382 404/469/404 406/471/406
f 385/439/385 383/435/383 405/470/405 407/472/407
f 386/441/386 384/437/384 406/471/406 393/456/393
f 387/443/387 385/439/385 407/472/407 395/458/395
f 404/469/404 402/467/402 408/473/408 409/474/409
f 405/470/405 403/468/403 410/475/410 411/476/411
f 406/471/406 404/469/404 409/474/409 412/477/412
f 407/472/407 405/470/405 411/476/411 413/478/413
f 393/456/393 406/471/406 412/477/412 414/479/414
f 395/458/395 407/472/407 413/478/413 415/480/415
f 394/457/394 393/456/393 414/479/414 416/481/416
f 396/459/396 395/458/395 415/480/415 417/482/417
f 397/460/397 394/457/394 416/481/416 418/483/418
f 398/461/398 396/459/396 417/482/417 419/484/419
f 399/462/399 397/460/397 418/483/418 420/485/420
f 400/463/400 398/461/398 419/484/419 421/486/421
f 401/465/401 12/487/12 422/488/422
f 14/489/14 399/462/399 420/485/420
f 402/467/402 400/463/400 421/486/421 408/473/408
f 403/468/403 401/465/401 422/488/422 410/475/410
f 418/483/418 416/481/416 423/490/423 424/491/424
f 419/484/419 417/482/417 425/492/425 426/493/426
f 420/485/420 418/483/418 424/491/424 427/494/427
f 421/486/421 419/484/419 426/493/426 428/495/428
f 422/488/422 12/496/12 429/497/429
f 14/498/14 420/485/420 427/494/427
f 408/473/408 421/486/421 428/495/428 430/499/430
f 410/475/410 422/488/422 429/497/429 431/500/431
f 409/474/409 408/473/408 430/499/430 432/501/432
f 411/476/411 410/475/410 431/500/431 433/502/433
f 412/477/412 409/474/409 432/501/432 434/503/434
f 413/478/413 411/476/411 433/502/433 435/504/435
f 414/479/414 412/477/412 434/503/434 436/505/436
f 415/480/415 413/478/413 435/504/435 437/506/437
f 416/481/416 414/479/414 436/505/436 423/490/423
f 417/482/417 415/480/415 437/506/437 425/492/425
f 433/502/433 431/500/431 438/507/438 439/508/439
f 434/503/434 432/501/432 440/509/440 441/510/441
f 435/504/435 433/502/433 439/508/439 442/511/442
f 436/505/436 434/503/434 441/510/441 443/512/443
f 437/506/437 435/504/435 442/511/442 444/513/444
f 423/490/423 436/505/436 443/512/443 445/514/445
f 425/492/425 437/506/437 444/513/444 446/515/446
f 424/491/424 423/490/423 445/514/445 447/516/447
f 426/493/426 425/492/425 446/515/446 448/517/448
f 427/494/427 424/491/424 447/516/447 449/518/449
f 428/495/428 426/493/426 448/517/448 450/519/450
f 429/497/429 12/520/12 451/521/451
f 14/522/14 427/494/427 449/518/449
f 430/499/430 428/495/428 450/519/450 452/523/452
f 431/500/431 429/497/429 451/521/451 438/507/438
f 432/501/432 430/499/430 452/523/452 440/509/440
f 448/517/448 446/515/446 453/524/453 454/525/454
f 449/518/449 447/516/447 455/526/455 456/527/456
f 450/519/450 448/517/448 454/525/454 457/528/457
f 451/521/451 12/529/12 458/530/458
f 14/531/14 449/518/449 456/527/456
f 452/523/452 450/519/450 457/528/457 459/532/459
f 438/507/438 451/521/451 458/530/458 460/533/460
f 440/509/440 452/523/452 459/532/459 461/534/461
f 439/508/439 438/507/438 460/533/460 462/535/462
f 441/510/441 440/509/440 461/534/461 463/536/463
f 442/511/442 439/508/439 462/535/462 464/537/464
f 443/512/443 441/510/441 463/536/463 465/538/465
f 444/513/444 442/511/442 464/537/464 466/539/466
f 445/514/445 443/512/443 465/538/465 467/540/467
f 446/515/446 444/513/444 466/539/466 453/524/453
f 447/516/447 445/514/445 467/540/467 455/526/455
f 463/536/463 461/534/461 468/541/468 469/542/469
f 464/537/464 462/535/462 470/543/470 471/544/471
f 465/538/465 463/536/463 469/542/469 472/545/472
f 466/539/466 464/537/464 471/544/471 473/546/473
f 467/540/467 465/538/465 472/545/472 474/547/474
f 453/524/453 466/539/466 473/546/473 475/548/475
f 455/526/455 467/540/467 474/547/474 476/549/476
f 454/525/454 453/524/453 475/548/475 477/550/477
f 456/527/456 455/526/455 476/549/476 478/551/478
f 457/528/457 454/525/454 477/550/477 479/552/479
f 458/530/458 12/553/12 480/554/480
f 14/555/14 456/527/456 478/551/478
f 459/532/459 457/528/457 479/552/479 481/556/481
f 460/533/460 458/530/458 480/554/480 482/557/482
f 461/534/461 459/532/459 481/556/481 468/541/468
f 462/535/462 460/533/460 482/557/482 470/543/470
f 478/551/478 476/549/476 6/6/6 5/5/5
f 479/552/479 477/550/477 1/1/1 9/9/9
f 480/554/480 12/558/12 11/11/11
f 14/559/14 478/551/478 5/5/5
f 481/556/481 479/552/479 9/9/9 15/15/15
f 482/557/482 480/554/480 11/11/11 17/17/17
f 468/541/468 481/556/481 15/15/15 19/19/19
f 470/543/470 482/557/482 17/17/17 21/21/21
f 469/542/469 468/541/468 19/19/19 23/23/23
f 471/544/471 470/543/470 21/21/21 25/25/25
f 472/545/472 469/542/469 23/23/23 27/27/27
f 473/546/473 471/544/471 25/25/25 29/29/29
f 474/547/474 472/545/472 27/27/27 31/31/31
f 475/548/475 473/546/473 29/29/29 2/2/2
f 476/549/476 474/547/474 31/31/31 6/6/6
f 477/550/477 475/548/475 2/2/2 1/1/1
o Moon_Moon_Cube.004
v 0.181056 0.748562 -1.365261
v 0.120120 0.728998 -1.396277
v 0.140255 0.761582 -1.454138
v 0.200219 0.781533 -1.424851
v 0.154020 0.804317 -1.505460
v 0.211428 0.824380 -1.478227
v 0.160015 0.854202 -1.548692
v 0.214709 0.874293 -1.523224
v 0.157309 0.908655 -1.583506
v 0.210589 0.929109 -1.559066
v 0.055782 0.722559 -1.422789
v 0.076358 0.753585 -1.477828
v 0.092599 0.794321 -1.526119
v 0.102062 0.841707 -1.566216
v 0.101559 0.893034 -1.598521
v -0.008474 0.728685 -1.443758
v 0.012266 0.757916 -1.496105
v 0.031168 0.795564 -1.540972
v 0.045640 0.837888 -1.576522
v 0.048692 0.882735 -1.604518
v -0.070477 0.746186 -1.458908
v -0.049303 0.774296 -1.509862
v -0.027172 0.809388 -1.552597
v -0.006195 0.847094 -1.584913
v 0.009398 0.877676 -1.604232
v 0.252472 0.811856 -1.390561
v 0.234771 0.780347 -1.331541
v 0.294629 0.851172 -1.354294
v 0.278349 0.822034 -1.297211
v 0.325639 0.897607 -1.318999
v 0.310447 0.870800 -1.264001
v 0.345628 0.949744 -1.287013
v 0.331021 0.924491 -1.232874
v 0.261370 0.852348 -1.444463
v 0.301626 0.887679 -1.407495
v 0.331022 0.929137 -1.371093
v 0.349859 0.976820 -1.339382
v 0.262504 0.899940 -1.490341
v 0.300815 0.930283 -1.453209
v 0.328223 0.963575 -1.416140
v 0.345291 1.003041 -1.385793
v 0.257425 0.953180 -1.526459
v 0.295049 0.979005 -1.488418
v 0.321954 1.003994 -1.449303
v 0.336961 1.022870 -1.418471
v 0.208167 0.759204 -1.271180
v 0.154850 0.727769 -1.302865
v 0.175151 0.749987 -1.212248
v 0.123330 0.720057 -1.241411
v 0.138636 0.753084 -1.156927
v 0.088419 0.724902 -1.183868
v 0.101206 0.768255 -1.106243
v 0.051521 0.741173 -1.131813
v 0.252364 0.800831 -1.240139
v 0.219271 0.789699 -1.185200
v 0.182564 0.789818 -1.134291
v 0.146225 0.802528 -1.087386
v 0.285401 0.849617 -1.210080
v 0.252920 0.836095 -1.159844
v 0.217044 0.831342 -1.115744
v 0.183518 0.839621 -1.075621
v 0.306418 0.902966 -1.180692
v 0.273995 0.886416 -1.133862
v 0.237987 0.875367 -1.095465
v 0.208162 0.869829 -1.070369
v 0.095685 0.708918 -1.334482
v 0.033630 0.703225 -1.363192
v -0.028542 0.709902 -1.386591
v -0.089112 0.727494 -1.402915
v 0.067337 0.701936 -1.272763
v 0.009426 0.696306 -1.302975
v -0.047942 0.702480 -1.328675
v -0.104093 0.718942 -1.345974
v 0.035573 0.707322 -1.214683
v -0.017200 0.701199 -1.246250
v -0.066779 0.705604 -1.274837
v -0.114800 0.719369 -1.293231
v 0.000485 0.723705 -1.162663
v -0.048329 0.716514 -1.196386
v -0.091048 0.718309 -1.229481
v -0.120756 0.724582 -1.254722
v -0.102787 0.912634 -0.995402
v -0.158018 0.890116 -1.034243
v -0.120779 0.834169 -1.052676
v -0.065793 0.855138 -1.015222
v -0.079896 0.787039 -1.081046
v -0.026444 0.806420 -1.046081
v -0.038600 0.750163 -1.118082
v 0.013106 0.768298 -1.085623
v -0.205329 0.874321 -1.082883
v -0.169064 0.820930 -1.099371
v -0.128141 0.776111 -1.123931
v -0.086495 0.741363 -1.156061
v -0.242970 0.865518 -1.138134
v -0.208014 0.814559 -1.152791
v -0.167735 0.772262 -1.172679
v -0.126651 0.740441 -1.196892
v -0.270545 0.863391 -1.197623
v -0.236188 0.813616 -1.210987
v -0.195755 0.772553 -1.226453
v -0.153898 0.742202 -1.242283
v -0.007772 0.883775 -0.989014
v -0.042787 0.940712 -0.969108
v 0.050569 0.917369 -0.975702
v 0.018231 0.972508 -0.956623
v 0.106969 0.952923 -0.975568
v 0.077098 1.006140 -0.957589
v 0.160284 0.987863 -0.988120
v 0.132004 1.040324 -0.970868
v 0.028299 0.834599 -1.020271
v 0.082358 0.868655 -1.005708
v 0.133877 0.904903 -1.003335
v 0.182980 0.939187 -1.013900
v 0.064657 0.795675 -1.060194
v 0.113603 0.829549 -1.043874
v 0.157553 0.865685 -1.037540
v 0.199170 0.897834 -1.044325
v -0.075747 1.001788 -0.962340
v -0.135072 0.975605 -0.988158
v -0.103818 1.063958 -0.968410
v -0.160865 1.040107 -0.993528
v -0.124825 1.124594 -0.985773
v -0.179368 1.102804 -1.010290
v -0.137309 1.182246 -1.012493
v -0.190589 1.161792 -1.036934
v -0.014498 1.030283 -0.950011
v -0.044239 1.088350 -0.955736
v -0.067798 1.144360 -0.972284
v -0.081559 1.197866 -0.997478
v 0.044921 1.060671 -0.950904
v 0.013624 1.113719 -0.955578
v -0.013265 1.162303 -0.969776
v -0.028692 1.208166 -0.991482
v 0.099835 1.093005 -0.963942
v 0.066190 1.142288 -0.967255
v 0.034299 1.184474 -0.978612
v 0.010602 1.213224 -0.991767
v -0.188486 0.952192 -1.026278
v -0.233664 0.933862 -1.074164
v -0.269487 0.922328 -1.128724
v -0.296034 0.918780 -1.187435
v -0.211544 1.016417 -1.029668
v -0.253916 0.995837 -1.074811
v -0.286976 0.981118 -1.125973
v -0.311483 0.975694 -1.180914
v -0.227505 1.079106 -1.044258
v -0.266882 1.056215 -1.085521
v -0.296225 1.037108 -1.130419
v -0.317467 1.028892 -1.177925
v -0.237425 1.137721 -1.069540
v -0.275049 1.111896 -1.107582
v -0.301954 1.086906 -1.146696
v -0.316961 1.068031 -1.177529
v -0.161056 1.342338 -1.230739
v -0.214771 1.310553 -1.264458
v -0.232472 1.279045 -1.205439
v -0.180219 1.309368 -1.171149
v -0.241370 1.238552 -1.151536
v -0.191428 1.266520 -1.117773
v -0.242504 1.190960 -1.105659
v -0.194709 1.216607 -1.072775
v -0.258349 1.268866 -1.298789
v -0.274629 1.239729 -1.241706
v -0.281626 1.203221 -1.188504
v -0.280815 1.160617 -1.142791
v -0.290447 1.220100 -1.331999
v -0.305639 1.193294 -1.277001
v -0.311022 1.161763 -1.224907
v -0.308223 1.127326 -1.179859
v -0.311021 1.166409 -1.363126
v -0.325628 1.141156 -1.308987
v -0.329859 1.114080 -1.256618
v -0.325291 1.087860 -1.210206
v -0.120255 1.329319 -1.141862
v -0.100120 1.361902 -1.199723
v -0.056358 1.337315 -1.118171
v -0.035782 1.368341 -1.173211
v 0.007734 1.332985 -1.099895
v 0.028474 1.362215 -1.152242
v 0.069303 1.316604 -1.086138
v 0.090477 1.344714 -1.137092
v -0.134020 1.286583 -1.090540
v -0.072599 1.296579 -1.069880
v -0.011168 1.295336 -1.055027
v 0.047172 1.281512 -1.043402
v -0.140015 1.236698 -1.047308
v -0.082062 1.249194 -1.029784
v -0.025640 1.253012 -1.019478
v 0.026195 1.243806 -1.011086
v -0.075685 1.381982 -1.261518
v -0.134850 1.363132 -1.293135
v -0.047337 1.388965 -1.323237
v -0.103330 1.370843 -1.354589
v -0.015573 1.383579 -1.381317
v -0.068419 1.365998 -1.412132
v 0.019515 1.367196 -1.433337
v -0.031521 1.349727 -1.464187
v -0.013630 1.387676 -1.232808
v 0.010574 1.394594 -1.293025
v 0.037200 1.389701 -1.349750
v 0.068329 1.374386 -1.399613
v 0.048542 1.380999 -1.209408
v 0.067942 1.388420 -1.267325
v 0.086779 1.385296 -1.321163
v 0.111048 1.372591 -1.366518
v 0.109113 1.363406 -1.193085
v 0.124094 1.371959 -1.250026
v 0.134800 1.371531 -1.302768
v 0.140756 1.366319 -1.341277
v -0.188167 1.331697 -1.324820
v -0.232364 1.290070 -1.355861
v -0.265401 1.241284 -1.385920
v -0.286418 1.187934 -1.415308
v -0.155151 1.340913 -1.383752
v -0.199271 1.301201 -1.410800
v -0.232920 1.254805 -1.436156
v -0.253995 1.204485 -1.462138
v -0.118636 1.337816 -1.439073
v -0.162564 1.301082 -1.461709
v -0.197044 1.259559 -1.480255
v -0.217987 1.215533 -1.500535
v -0.081206 1.322645 -1.489757
v -0.126225 1.288373 -1.508613
v -0.163518 1.251279 -1.520379
v -0.188162 1.221072 -1.525630
v 0.122787 1.178266 -1.600598
v 0.062787 1.150188 -1.626892
v 0.027772 1.207125 -1.606985
v 0.085793 1.235763 -1.580778
v -0.008299 1.256302 -1.575729
v 0.046444 1.284481 -1.549918
v -0.044657 1.295226 -1.535806
v 0.006894 1.322602 -1.510377
v 0.001769 1.118393 -1.639377
v -0.030569 1.173531 -1.620298
v -0.062358 1.222245 -1.590292
v -0.093603 1.261351 -1.552126
v -0.057098 1.084760 -1.638410
v -0.086969 1.137977 -1.620432
v -0.113877 1.185998 -1.592665
v -0.137553 1.225216 -1.558460
v -0.112004 1.050576 -1.625132
v -0.140284 1.103037 -1.607880
v -0.162980 1.151713 -1.582100
v -0.179170 1.193066 -1.551675
v 0.140779 1.256732 -1.543324
v 0.178018 1.200785 -1.561757
v 0.189064 1.269970 -1.496629
v 0.225329 1.216579 -1.513117
v 0.228014 1.276342 -1.443209
v 0.262970 1.225383 -1.457866
v 0.256188 1.277285 -1.385013
v 0.290545 1.227509 -1.398376
v 0.099896 1.303861 -1.514954
v 0.148141 1.314789 -1.472069
v 0.187735 1.318638 -1.423321
v 0.215755 1.318347 -1.369547
v 0.058600 1.340737 -1.477917
v 0.106495 1.349537 -1.439939
v 0.146651 1.350459 -1.399108
v 0.173898 1.348699 -1.353716
v 0.208486 1.138709 -1.569722
v 0.155072 1.115295 -1.607842
v 0.231544 1.074484 -1.566332
v 0.180865 1.050793 -1.602472
v 0.247505 1.011795 -1.551742
v 0.199368 0.988096 -1.585710
v 0.253664 1.157039 -1.521836
v 0.273916 1.095063 -1.521189
v 0.286882 1.034686 -1.510479
v 0.289487 1.168572 -1.467276
v 0.306976 1.109783 -1.470026
v 0.316225 1.053792 -1.465581
v 0.316034 1.172120 -1.408564
v 0.331483 1.115207 -1.415086
v 0.337467 1.062009 -1.418075
v 0.095747 1.089113 -1.633660
v 0.034498 1.060617 -1.645989
v -0.024921 1.030229 -1.645096
v -0.079835 0.997895 -1.632058
v 0.123818 1.026943 -1.627590
v 0.064239 1.002551 -1.640263
v 0.006376 0.977181 -1.640422
v -0.046190 0.948613 -1.628744
v 0.144825 0.966306 -1.610226
v 0.087798 0.946540 -1.623716
v 0.033265 0.928598 -1.626224
v -0.014299 0.906427 -1.617388
v -0.274296 0.920356 -1.457542
v -0.234184 0.862738 -1.468050
v -0.251532 0.840234 -1.404836
v -0.290993 0.896261 -1.393249
v -0.257821 0.825138 -1.338757
v -0.295400 0.878572 -1.326447
v -0.252668 0.816705 -1.273343
v -0.288200 0.867681 -1.260567
v -0.184913 0.813453 -1.471531
v -0.202683 0.792643 -1.411053
v -0.211327 0.779997 -1.347753
v -0.209582 0.774247 -1.285369
v -0.129568 0.774426 -1.468275
v -0.147643 0.754981 -1.410707
v -0.159165 0.744657 -1.351225
v -0.162921 0.742116 -1.294371
v -0.318467 0.958057 -1.377992
v -0.302604 0.982984 -1.440491
v -0.333004 1.021679 -1.358909
v -0.317862 1.046764 -1.418130
v -0.335012 1.083530 -1.335994
v -0.320338 1.108498 -1.391960
v -0.321863 0.937925 -1.313226
v -0.336140 0.999474 -1.298075
v -0.338446 1.059224 -1.280045
v -0.313857 0.924400 -1.249111
v -0.328333 0.982976 -1.238379
v -0.331936 1.038638 -1.227574
v -0.274420 1.010340 -1.497498
v -0.245912 0.949615 -1.515373
v -0.236088 1.039652 -1.545656
v -0.207795 0.982193 -1.563501
v -0.190504 1.070522 -1.582774
v -0.162481 1.016257 -1.600199
v -0.290925 1.071754 -1.473154
v -0.254106 1.096995 -1.520526
v -0.210451 1.122912 -1.557475
v -0.294869 1.131385 -1.444959
v -0.260507 1.152032 -1.491373
v -0.220944 1.170604 -1.528061
v -0.207222 0.892527 -1.524618
v -0.160143 0.842734 -1.525781
v -0.106931 0.802857 -1.520267
v -0.171585 0.926882 -1.571670
v -0.128481 0.877548 -1.571054
v -0.080222 0.837504 -1.563603
v -0.128743 0.962847 -1.607602
v -0.090694 0.914221 -1.605516
v -0.050692 0.874129 -1.596148
v 0.294296 1.170544 -1.138457
v 0.254184 1.228163 -1.127950
v 0.227222 1.198374 -1.071382
v 0.265912 1.141285 -1.080626
v 0.191585 1.164019 -1.024330
v 0.227795 1.108707 -1.032499
v 0.148743 1.128054 -0.988397
v 0.182481 1.074644 -0.995800
v 0.204913 1.277448 -1.124469
v 0.180143 1.248166 -1.070219
v 0.148481 1.213353 -1.024946
v 0.110694 1.176680 -0.990484
v 0.149568 1.316474 -1.127725
v 0.126931 1.288043 -1.075733
v 0.100222 1.253397 -1.032397
v 0.070692 1.216771 -0.999852
v 0.294420 1.080560 -1.098502
v 0.322604 1.107916 -1.155509
v 0.310925 1.019147 -1.122845
v 0.337862 1.044137 -1.177870
v 0.314869 0.959516 -1.151040
v 0.340338 0.982402 -1.204040
v 0.256088 1.051249 -1.050343
v 0.274106 0.993906 -1.075474
v 0.280507 0.938868 -1.104627
v 0.210504 1.020379 -1.013225
v 0.230451 0.967989 -1.038524
v 0.240944 0.920296 -1.067939
v 0.338467 1.132844 -1.218008
v 0.310993 1.194639 -1.202751
v 0.341863 1.152976 -1.282773
v 0.315400 1.212328 -1.269553
v 0.333857 1.166500 -1.346889
v 0.308200 1.223220 -1.335433
v 0.353004 1.069222 -1.237091
v 0.356140 1.091426 -1.297925
v 0.348333 1.107925 -1.357621
v 0.355012 1.007370 -1.260005
v 0.358446 1.031677 -1.315955
v 0.351936 1.052262 -1.368426
v 0.271532 1.250667 -1.191164
v 0.222683 1.298258 -1.184947
v 0.167643 1.335920 -1.185293
v 0.277821 1.265763 -1.257243
v 0.231327 1.310904 -1.248247
v 0.179165 1.346244 -1.244775
v 0.272668 1.274196 -1.322657
v 0.229582 1.316653 -1.310631
v 0.182921 1.348785 -1.301628
vt 0.376507 0.827995
vt 0.407396 0.827995
vt 0.407396 0.868974
vt 0.376508 0.868974
vt 0.407396 0.909954
vt 0.376507 0.909954
vt 0.407396 0.950933
vt 0.376507 0.950933
vt 0.407396 0.991912
vt 0.376507 0.991912
vt 0.438284 0.827995
vt 0.438284 0.868974
vt 0.438284 0.909954
vt 0.438284 0.950933
vt 0.438284 0.991912
vt 0.469172 0.827995
vt 0.469172 0.868974
vt 0.469172 0.909954
vt 0.469172 0.950933
vt 0.469172 0.991912
vt 0.500060 0.827995
vt 0.500060 0.868974
vt 0.500060 0.909954
vt 0.500060 0.950933
vt 0.500060 0.991912
vt 0.345619 0.868974
vt 0.345619 0.827995
vt 0.314731 0.868974
vt 0.314731 0.827995
vt 0.283843 0.868974
vt 0.283843 0.827995
vt 0.252955 0.868974
vt 0.252955 0.827995
vt 0.345619 0.909954
vt 0.314731 0.909954
vt 0.283843 0.909954
vt 0.252955 0.909954
vt 0.345619 0.950933
vt 0.314731 0.950933
vt 0.283843 0.950933
vt 0.252955 0.950933
vt 0.345619 0.991912
vt 0.314731 0.991912
vt 0.283843 0.991912
vt 0.252955 0.991912
vt 0.345619 0.787015
vt 0.376507 0.787016
vt 0.345619 0.746036
vt 0.376507 0.746036
vt 0.345619 0.705057
vt 0.376507 0.705057
vt 0.345619 0.664078
vt 0.376507 0.664078
vt 0.314731 0.787015
vt 0.314731 0.746036
vt 0.314731 0.705057
vt 0.314731 0.664078
vt 0.283843 0.787016
vt 0.283843 0.746036
vt 0.283843 0.705057
vt 0.283843 0.664078
vt 0.252955 0.787016
vt 0.252955 0.746036
vt 0.252955 0.705057
vt 0.252955 0.664078
vt 0.407396 0.787016
vt 0.438284 0.787016
vt 0.469172 0.787016
vt 0.500060 0.787016
vt 0.407396 0.746036
vt 0.438284 0.746036
vt 0.469172 0.746036
vt 0.500060 0.746036
vt 0.407396 0.705057
vt 0.438284 0.705057
vt 0.469172 0.705057
vt 0.500060 0.705057
vt 0.407396 0.664078
vt 0.438284 0.664078
vt 0.469172 0.664078
vt 0.500060 0.664078
vt 0.376507 0.500000
vt 0.407396 0.500000
vt 0.407396 0.541019
vt 0.376508 0.541019
vt 0.407396 0.582039
vt 0.376507 0.582039
vt 0.407396 0.623058
vt 0.376507 0.623058
vt 0.438284 0.500000
vt 0.438284 0.541019
vt 0.438284 0.582039
vt 0.438284 0.623058
vt 0.469172 0.500000
vt 0.469172 0.541019
vt 0.469172 0.582039
vt 0.469172 0.623058
vt 0.500060 0.500000
vt 0.500060 0.541019
vt 0.500060 0.582039
vt 0.500060 0.623058
vt 0.345619 0.541019
vt 0.345619 0.500000
vt 0.314731 0.541019
vt 0.314731 0.500000
vt 0.283843 0.541019
vt 0.283843 0.500000
vt 0.252955 0.541019
vt 0.252955 0.500000
vt 0.345619 0.582039
vt 0.314731 0.582039
vt 0.283843 0.582039
vt 0.252955 0.582039
vt 0.345619 0.623058
vt 0.314731 0.623058
vt 0.283843 0.623058
vt 0.252955 0.623058
vt 0.345619 0.458981
vt 0.376507 0.458981
vt 0.345619 0.417961
vt 0.376507 0.417961
vt 0.345619 0.376942
vt 0.376507 0.376942
vt 0.345619 0.335922
vt 0.376507 0.335922
vt 0.314731 0.458981
vt 0.314731 0.417961
vt 0.314731 0.376942
vt 0.314731 0.335922
vt 0.283843 0.458981
vt 0.283843 0.417961
vt 0.283843 0.376942
vt 0.283843 0.335922
vt 0.252955 0.458981
vt 0.252955 0.417961
vt 0.252955 0.376942
vt 0.252955 0.335922
vt 0.407396 0.458981
vt 0.438284 0.458981
vt 0.469172 0.458981
vt 0.500060 0.458981
vt 0.407396 0.417961
vt 0.438284 0.417961
vt 0.469172 0.417961
vt 0.500060 0.417961
vt 0.407396 0.376942
vt 0.438284 0.376942
vt 0.469172 0.376942
vt 0.500060 0.376942
vt 0.407396 0.335922
vt 0.438284 0.335922
vt 0.469172 0.335922
vt 0.500060 0.335922
vt 0.376507 0.172005
vt 0.407396 0.172005
vt 0.407396 0.212984
vt 0.376508 0.212984
vt 0.407396 0.253964
vt 0.376507 0.253964
vt 0.407396 0.294943
vt 0.376507 0.294943
vt 0.438284 0.172005
vt 0.438284 0.212984
vt 0.438284 0.253964
vt 0.438284 0.294943
vt 0.469172 0.172005
vt 0.469172 0.212984
vt 0.469172 0.253964
vt 0.469172 0.294943
vt 0.500060 0.172005
vt 0.500060 0.212984
vt 0.500060 0.253964
vt 0.500060 0.294943
vt 0.345619 0.212984
vt 0.345619 0.172005
vt 0.314731 0.212984
vt 0.314731 0.172005
vt 0.283843 0.212984
vt 0.283843 0.172005
vt 0.252955 0.212984
vt 0.252955 0.172005
vt 0.345619 0.253964
vt 0.314731 0.253964
vt 0.283843 0.253964
vt 0.252955 0.253964
vt 0.345619 0.294943
vt 0.314731 0.294943
vt 0.283843 0.294943
vt 0.252955 0.294943
vt 0.345619 0.131026
vt 0.376507 0.131026
vt 0.345619 0.090046
vt 0.376507 0.090046
vt 0.345619 0.049067
vt 0.376507 0.049067
vt 0.345619 0.008088
vt 0.376507 0.008088
vt 0.314731 0.131026
vt 0.314731 0.090046
vt 0.314731 0.049067
vt 0.314731 0.008088
vt 0.283843 0.131026
vt 0.283843 0.090046
vt 0.283843 0.049067
vt 0.283843 0.008088
vt 0.252955 0.131026
vt 0.252955 0.090046
vt 0.252955 0.049067
vt 0.252955 0.008088
vt 0.407396 0.131026
vt 0.438284 0.131026
vt 0.469172 0.131026
vt 0.500060 0.131026
vt 0.407396 0.090046
vt 0.438284 0.090046
vt 0.469172 0.090046
vt 0.500060 0.090046
vt 0.407396 0.049067
vt 0.438284 0.049067
vt 0.469172 0.049067
vt 0.500060 0.049067
vt 0.407396 0.008088
vt 0.438284 0.008088
vt 0.469172 0.008088
vt 0.500060 0.008088
vt 0.870416 0.500000
vt 0.839543 0.500000
vt 0.839543 0.458981
vt 0.870416 0.458981
vt 0.839543 0.417961
vt 0.870416 0.417961
vt 0.839543 0.376942
vt 0.870416 0.376942
vt 0.839543 0.335922
vt 0.870416 0.335922
vt 0.808669 0.500000
vt 0.808669 0.458981
vt 0.808670 0.417961
vt 0.808670 0.376942
vt 0.808670 0.335922
vt 0.777796 0.500000
vt 0.777796 0.458981
vt 0.777796 0.417961
vt 0.777796 0.376942
vt 0.777796 0.335922
vt 0.746923 0.500000
vt 0.746923 0.458981
vt 0.746923 0.417961
vt 0.746923 0.376942
vt 0.746923 0.335922
vt 0.901290 0.458981
vt 0.901290 0.500000
vt 0.932163 0.458981
vt 0.932163 0.500000
vt 0.963036 0.458981
vt 0.963036 0.500000
vt 0.993910 0.458981
vt 0.993910 0.500000
vt 0.901290 0.417961
vt 0.932163 0.417961
vt 0.963036 0.417961
vt 0.993910 0.417961
vt 0.901290 0.376942
vt 0.932163 0.376942
vt 0.963036 0.376942
vt 0.993910 0.376942
vt 0.901290 0.335922
vt 0.932163 0.335922
vt 0.963036 0.335922
vt 0.993910 0.335922
vt 0.901290 0.541019
vt 0.870416 0.541019
vt 0.901290 0.582039
vt 0.870416 0.582039
vt 0.901290 0.623058
vt 0.870416 0.623058
vt 0.901290 0.664078
vt 0.870416 0.664078
vt 0.932163 0.541019
vt 0.932163 0.582039
vt 0.932163 0.623058
vt 0.932163 0.664078
vt 0.963036 0.541019
vt 0.963036 0.582039
vt 0.963036 0.623058
vt 0.963036 0.664078
vt 0.993910 0.541019
vt 0.993910 0.582039
vt 0.993910 0.623058
vt 0.993910 0.664078
vt 0.839543 0.541019
vt 0.808669 0.541019
vt 0.777796 0.541019
vt 0.746923 0.541019
vt 0.839543 0.582039
vt 0.808669 0.582039
vt 0.777796 0.582039
vt 0.746923 0.582039
vt 0.839543 0.623058
vt 0.808669 0.623058
vt 0.777796 0.623058
vt 0.746923 0.623058
vt 0.839543 0.664078
vt 0.808670 0.664078
vt 0.777796 0.664078
vt 0.746923 0.664078
vt 0.623492 0.500000
vt 0.623492 0.541019
vt 0.592634 0.541019
vt 0.592634 0.500000
vt 0.561776 0.541019
vt 0.561776 0.500000
vt 0.530918 0.541019
vt 0.530918 0.500000
vt 0.623492 0.582039
vt 0.592634 0.582039
vt 0.561776 0.582039
vt 0.530918 0.582039
vt 0.623492 0.623058
vt 0.592634 0.623058
vt 0.561776 0.623058
vt 0.530918 0.623058
vt 0.623492 0.664078
vt 0.592634 0.664078
vt 0.561776 0.664078
vt 0.530918 0.664078
vt 0.592634 0.458981
vt 0.623492 0.458981
vt 0.592634 0.417961
vt 0.623492 0.417961
vt 0.592634 0.376942
vt 0.623492 0.376942
vt 0.592634 0.335922
vt 0.623492 0.335922
vt 0.561776 0.458981
vt 0.561776 0.417961
vt 0.561776 0.376942
vt 0.561776 0.335922
vt 0.530918 0.458981
vt 0.530918 0.417961
vt 0.530918 0.376942
vt 0.530918 0.335922
vt 0.654349 0.458981
vt 0.654349 0.500000
vt 0.685207 0.458981
vt 0.685207 0.500000
vt 0.716065 0.458981
vt 0.716065 0.500000
vt 0.654349 0.417961
vt 0.685207 0.417961
vt 0.716065 0.417961
vt 0.654349 0.376942
vt 0.685207 0.376942
vt 0.716065 0.376942
vt 0.654349 0.335922
vt 0.685207 0.335922
vt 0.716065 0.335922
vt 0.654349 0.541019
vt 0.654349 0.582039
vt 0.654349 0.623058
vt 0.654349 0.664078
vt 0.685207 0.541019
vt 0.685207 0.582039
vt 0.685207 0.623058
vt 0.685207 0.664078
vt 0.716065 0.541019
vt 0.716065 0.582039
vt 0.716065 0.623058
vt 0.716065 0.664078
vt 0.129522 0.500000
vt 0.129522 0.458981
vt 0.160380 0.458981
vt 0.160381 0.500000
vt 0.191239 0.458981
vt 0.191239 0.500000
vt 0.222097 0.458981
vt 0.222097 0.500000
vt 0.129522 0.417961
vt 0.160380 0.417961
vt 0.191239 0.417961
vt 0.222097 0.417961
vt 0.129522 0.376942
vt 0.160380 0.376942
vt 0.191239 0.376942
vt 0.222097 0.376942
vt 0.129522 0.335922
vt 0.160380 0.335922
vt 0.191239 0.335922
vt 0.222097 0.335922
vt 0.160380 0.541019
vt 0.129522 0.541019
vt 0.160380 0.582039
vt 0.129522 0.582039
vt 0.160380 0.623058
vt 0.129522 0.623058
vt 0.160380 0.664078
vt 0.129522 0.664078
vt 0.191239 0.541019
vt 0.191239 0.582039
vt 0.191239 0.623058
vt 0.191239 0.664078
vt 0.222097 0.541019
vt 0.222097 0.582039
vt 0.222097 0.623058
vt 0.222097 0.664078
vt 0.098664 0.541019
vt 0.098664 0.500000
vt 0.067806 0.541019
vt 0.067806 0.500000
vt 0.036948 0.541019
vt 0.036948 0.500000
vt 0.006090 0.541019
vt 0.006090 0.500000
vt 0.098664 0.582039
vt 0.067806 0.582039
vt 0.036948 0.582039
vt 0.006090 0.582039
vt 0.098664 0.623058
vt 0.067806 0.623058
vt 0.036948 0.623058
vt 0.006090 0.623058
vt 0.098664 0.664078
vt 0.067806 0.664078
vt 0.036948 0.664078
vt 0.006090 0.664078
vt 0.098664 0.458981
vt 0.098664 0.417961
vt 0.098664 0.376942
vt 0.098664 0.335922
vt 0.067806 0.458981
vt 0.067806 0.417961
vt 0.067806 0.376942
vt 0.067806 0.335922
vt 0.036948 0.458981
vt 0.036948 0.417961
vt 0.036948 0.376942
vt 0.036948 0.335922
vt 0.006090 0.458981
vt 0.006090 0.417961
vt 0.006090 0.376942
vt 0.006090 0.335922
vn 0.4897 -0.8503 -0.1927
vn 0.3175 -0.9058 -0.2804
vn 0.3743 -0.8138 -0.4445
vn 0.5440 -0.7573 -0.3613
vn 0.4137 -0.6925 -0.5910
vn 0.5763 -0.6356 -0.5136
vn 0.4314 -0.5494 -0.7156
vn 0.5861 -0.4924 -0.6434
vn 0.4235 -0.3912 -0.8171
vn 0.5743 -0.3332 -0.7478
vn 0.1344 -0.9247 -0.3561
vn 0.1926 -0.8369 -0.5123
vn 0.2395 -0.7218 -0.6494
vn 0.2682 -0.5858 -0.7648
vn 0.2668 -0.4354 -0.8598
vn -0.0503 -0.9077 -0.4167
vn 0.0084 -0.8251 -0.5650
vn 0.0628 -0.7196 -0.6916
vn 0.1080 -0.6006 -0.7922
vn 0.1196 -0.4646 -0.8774
vn -0.2304 -0.8570 -0.4608
vn -0.1705 -0.7776 -0.6052
vn -0.1083 -0.6792 -0.7259
vn -0.0500 -0.5748 -0.8168
vn -0.0017 -0.4805 -0.8770
vn 0.6923 -0.6714 -0.2645
vn 0.6418 -0.7607 -0.0973
vn 0.8128 -0.5597 -0.1613
vn 0.7664 -0.6424 0.0005
vn 0.9025 -0.4266 -0.0597
vn 0.8593 -0.5024 0.0960
vn 0.9609 -0.2750 0.0332
vn 0.9193 -0.3465 0.1866
vn 0.7181 -0.5563 -0.4181
vn 0.8327 -0.4569 -0.3129
vn 0.9178 -0.3387 -0.2073
vn 0.9733 -0.1989 -0.1143
vn 0.7216 -0.4199 -0.5504
vn 0.8302 -0.3354 -0.4453
vn 0.9090 -0.2443 -0.3377
vn 0.9616 -0.1259 -0.2439
vn 0.7071 -0.2651 -0.6556
vn 0.8135 -0.1925 -0.5488
vn 0.8894 -0.1230 -0.4402
vn 0.9364 -0.0647 -0.3451
vn 0.5668 -0.8206 0.0738
vn 0.4157 -0.9093 -0.0162
vn 0.4731 -0.8472 0.2418
vn 0.3262 -0.9319 0.1589
vn 0.3682 -0.8389 0.4009
vn 0.2260 -0.9185 0.3246
vn 0.2596 -0.7949 0.5485
vn 0.1188 -0.8714 0.4760
vn 0.6930 -0.7025 0.1624
vn 0.5989 -0.7349 0.3180
vn 0.4929 -0.7359 0.4642
vn 0.3865 -0.6988 0.6019
vn 0.7885 -0.5625 0.2488
vn 0.6969 -0.6018 0.3901
vn 0.5938 -0.6192 0.5138
vn 0.4909 -0.5961 0.6354
vn 0.8498 -0.4075 0.3344
vn 0.7589 -0.4543 0.4665
vn 0.6593 -0.4856 0.5741
vn 0.5674 -0.5030 0.6519
vn 0.2481 -0.9630 -0.1055
vn 0.0715 -0.9797 -0.1873
vn -0.1071 -0.9610 -0.2549
vn -0.2833 -0.9101 -0.3023
vn 0.1674 -0.9834 0.0702
vn 0.0036 -0.9999 -0.0162
vn -0.1609 -0.9827 -0.0914
vn -0.3256 -0.9348 -0.1422
vn 0.0764 -0.9684 0.2373
vn -0.0718 -0.9864 0.1475
vn -0.2106 -0.9756 0.0628
vn -0.3558 -0.9346 0.0048
vn -0.0257 -0.9210 0.3887
vn -0.1631 -0.9418 0.2939
vn -0.2824 -0.9378 0.2019
vn -0.3744 -0.9189 0.1240
vn -0.3229 -0.3804 0.8666
vn -0.4792 -0.4442 0.7570
vn -0.3740 -0.6028 0.7048
vn -0.2184 -0.5431 0.8108
vn -0.2579 -0.7374 0.6243
vn -0.1065 -0.6822 0.7234
vn -0.1392 -0.8438 0.5183
vn 0.0072 -0.7923 0.6101
vn -0.6143 -0.4895 0.6189
vn -0.5117 -0.6410 0.5721
vn -0.3954 -0.7683 0.5033
vn -0.2750 -0.8686 0.4121
vn -0.7230 -0.5152 0.4604
vn -0.6241 -0.6595 0.4189
vn -0.5103 -0.7791 0.3640
vn -0.3919 -0.8700 0.2992
vn -0.8033 -0.5215 0.2875
vn -0.7062 -0.6626 0.2497
vn -0.5927 -0.7785 0.2063
vn -0.4766 -0.8640 0.1623
vn -0.0540 -0.4623 0.8851
vn -0.1533 -0.3011 0.9412
vn 0.1122 -0.3669 0.9235
vn 0.0204 -0.2106 0.9774
vn 0.2743 -0.2647 0.9245
vn 0.1897 -0.1140 0.9752
vn 0.4294 -0.1633 0.8882
vn 0.3493 -0.0147 0.9369
vn 0.0488 -0.6026 0.7966
vn 0.2017 -0.5057 0.8388
vn 0.3494 -0.4009 0.8469
vn 0.4936 -0.3004 0.8162
vn 0.1531 -0.7150 0.6822
vn 0.2907 -0.6193 0.7294
vn 0.4135 -0.5150 0.7508
vn 0.5393 -0.4161 0.7321
vn -0.2464 -0.1280 0.9607
vn -0.4143 -0.2024 0.8874
vn -0.3264 0.0491 0.9439
vn -0.4880 -0.0187 0.8726
vn -0.3872 0.2234 0.8945
vn -0.5415 0.1616 0.8250
vn -0.4235 0.3912 0.8171
vn -0.5743 0.3332 0.7478
vn -0.0722 -0.0468 0.9963
vn -0.1573 0.1176 0.9805
vn -0.2264 0.2783 0.9334
vn -0.2668 0.4354 0.8598
vn 0.0986 0.0404 0.9943
vn 0.0095 0.1895 0.9818
vn -0.0706 0.3256 0.9429
vn -0.1196 0.4646 0.8774
vn 0.2583 0.1345 0.9567
vn 0.1637 0.2734 0.9479
vn 0.0750 0.3913 0.9172
vn 0.0017 0.4805 0.8770
vn -0.5658 -0.2685 0.7796
vn -0.6949 -0.3208 0.6436
vn -0.7982 -0.3544 0.4871
vn -0.8757 -0.3647 0.3164
vn -0.6319 -0.0857 0.7703
vn -0.7522 -0.1449 0.6428
vn -0.8475 -0.1886 0.4961
vn -0.9197 -0.2046 0.3350
vn -0.6780 0.0946 0.7290
vn -0.7893 0.0291 0.6133
vn -0.8726 -0.0291 0.4876
vn -0.9374 -0.0564 0.3437
vn -0.7071 0.2651 0.6556
vn -0.8135 0.1925 0.5488
vn -0.8894 0.1230 0.4402
vn -0.9364 0.0647 0.3451
vn -0.4897 0.8503 0.1927
vn -0.6418 0.7607 0.0973
vn -0.6923 0.6714 0.2645
vn -0.5440 0.7573 0.3613
vn -0.7181 0.5563 0.4181
vn -0.5763 0.6356 0.5136
vn -0.7216 0.4199 0.5504
vn -0.5861 0.4924 0.6434
vn -0.7664 0.6424 -0.0005
vn -0.8128 0.5597 0.1613
vn -0.8327 0.4569 0.3129
vn -0.8302 0.3354 0.4453
vn -0.8593 0.5024 -0.0960
vn -0.9025 0.4266 0.0597
vn -0.9178 0.3387 0.2073
vn -0.9090 0.2443 0.3377
vn -0.9193 0.3465 -0.1866
vn -0.9609 0.2750 -0.0332
vn -0.9733 0.1989 0.1143
vn -0.9616 0.1259 0.2439
vn -0.3743 0.8138 0.4445
vn -0.3175 0.9058 0.2804
vn -0.1926 0.8369 0.5123
vn -0.1344 0.9247 0.3561
vn -0.0084 0.8251 0.5650
vn 0.0503 0.9077 0.4167
vn 0.1705 0.7776 0.6052
vn 0.2304 0.8570 0.4608
vn -0.4137 0.6925 0.5910
vn -0.2395 0.7218 0.6494
vn -0.0628 0.7196 0.6916
vn 0.1083 0.6792 0.7259
vn -0.4314 0.5494 0.7156
vn -0.2682 0.5858 0.7648
vn -0.1080 0.6006 0.7922
vn 0.0500 0.5748 0.8168
vn -0.2481 0.9630 0.1055
vn -0.4157 0.9093 0.0162
vn -0.1674 0.9834 -0.0702
vn -0.3262 0.9319 -0.1589
vn -0.0764 0.9684 -0.2374
vn -0.2260 0.9185 -0.3246
vn 0.0257 0.9210 -0.3887
vn -0.1188 0.8714 -0.4760
vn -0.0715 0.9797 0.1873
vn -0.0036 0.9999 0.0162
vn 0.0718 0.9864 -0.1475
vn 0.1631 0.9418 -0.2939
vn 0.1071 0.9610 0.2549
vn 0.1609 0.9827 0.0914
vn 0.2106 0.9756 -0.0628
vn 0.2824 0.9378 -0.2019
vn 0.2833 0.9101 0.3023
vn 0.3256 0.9348 0.1422
vn 0.3558 0.9346 -0.0048
vn 0.3744 0.9189 -0.1240
vn -0.5668 0.8206 -0.0738
vn -0.6930 0.7025 -0.1624
vn -0.7885 0.5625 -0.2488
vn -0.8498 0.4075 -0.3344
vn -0.4731 0.8472 -0.2418
vn -0.5989 0.7349 -0.3180
vn -0.6969 0.6018 -0.3901
vn -0.7589 0.4543 -0.4665
vn -0.3682 0.8389 -0.4009
vn -0.4929 0.7359 -0.4642
vn -0.5938 0.6192 -0.5138
vn -0.6593 0.4856 -0.5741
vn -0.2596 0.7949 -0.5485
vn -0.3865 0.6988 -0.6019
vn -0.4909 0.5961 -0.6354
vn -0.5674 0.5030 -0.6519
vn 0.3229 0.3804 -0.8666
vn 0.1533 0.3011 -0.9412
vn 0.0540 0.4623 -0.8851
vn 0.2184 0.5431 -0.8108
vn -0.0488 0.6026 -0.7966
vn 0.1065 0.6822 -0.7234
vn -0.1531 0.7150 -0.6822
vn -0.0072 0.7923 -0.6101
vn -0.0204 0.2106 -0.9774
vn -0.1122 0.3669 -0.9235
vn -0.2017 0.5057 -0.8388
vn -0.2907 0.6193 -0.7294
vn -0.1897 0.1140 -0.9752
vn -0.2743 0.2647 -0.9245
vn -0.3494 0.4009 -0.8469
vn -0.4135 0.5150 -0.7508
vn -0.3493 0.0147 -0.9369
vn -0.4294 0.1633 -0.8882
vn -0.4936 0.3004 -0.8162
vn -0.5393 0.4161 -0.7321
vn 0.3740 0.6028 -0.7048
vn 0.4792 0.4442 -0.7570
vn 0.5117 0.6410 -0.5721
vn 0.6143 0.4895 -0.6189
vn 0.6241 0.6595 -0.4189
vn 0.7230 0.5152 -0.4604
vn 0.7062 0.6626 -0.2497
vn 0.8033 0.5215 -0.2875
vn 0.2579 0.7374 -0.6243
vn 0.3954 0.7683 -0.5033
vn 0.5103 0.7791 -0.3640
vn 0.5927 0.7785 -0.2063
vn 0.1392 0.8438 -0.5183
vn 0.2750 0.8686 -0.4121
vn 0.3919 0.8700 -0.2992
vn 0.4766 0.8640 -0.1623
vn 0.5658 0.2685 -0.7796
vn 0.4143 0.2024 -0.8874
vn 0.6319 0.0857 -0.7703
vn 0.4880 0.0187 -0.8726
vn 0.6780 -0.0946 -0.7290
vn 0.5415 -0.1616 -0.8250
vn 0.6949 0.3208 -0.6436
vn 0.7522 0.1449 -0.6428
vn 0.7893 -0.0291 -0.6133
vn 0.7982 0.3544 -0.4871
vn 0.8475 0.1886 -0.4961
vn 0.8726 0.0291 -0.4876
vn 0.8757 0.3647 -0.3164
vn 0.9197 0.2046 -0.3350
vn 0.9374 0.0564 -0.3437
vn 0.2464 0.1280 -0.9607
vn 0.0722 0.0468 -0.9963
vn -0.0986 -0.0404 -0.9943
vn -0.2583 -0.1345 -0.9567
vn 0.3264 -0.0491 -0.9439
vn 0.1573 -0.1176 -0.9805
vn -0.0095 -0.1895 -0.9818
vn -0.1637 -0.2734 -0.9479
vn 0.3872 -0.2234 -0.8945
vn 0.2264 -0.2783 -0.9334
vn 0.0706 -0.3256 -0.9429
vn -0.0750 -0.3913 -0.9172
vn -0.8141 -0.3584 -0.4570
vn -0.7008 -0.5214 -0.4868
vn -0.7499 -0.5855 -0.3079
vn -0.8615 -0.4266 -0.2753
vn -0.7682 -0.6289 -0.1198
vn -0.8746 -0.4773 -0.0850
vn -0.7540 -0.6533 0.0683
vn -0.8544 -0.5089 0.1045
vn -0.5608 -0.6621 -0.4970
vn -0.6112 -0.7214 -0.3257
vn -0.6367 -0.7572 -0.1462
vn -0.6331 -0.7734 0.0334
vn -0.4020 -0.7748 -0.4879
vn -0.4533 -0.8300 -0.3250
vn -0.4870 -0.8591 -0.1575
vn -0.5018 -0.8650 0.0036
vn -0.9396 -0.2517 -0.2318
vn -0.8944 -0.1813 -0.4089
vn -0.9816 -0.0706 -0.1775
vn -0.9384 0.0004 -0.3455
vn -0.9879 0.1073 -0.1119
vn -0.9462 0.1780 -0.2703
vn -0.9498 -0.3091 -0.0474
vn -0.9909 -0.1344 -0.0052
vn -0.9982 0.0378 0.0455
vn -0.9273 -0.3484 0.1370
vn -0.9689 -0.1832 0.1663
vn -0.9809 -0.0245 0.1931
vn -0.8148 -0.1036 -0.5705
vn -0.7340 -0.2757 -0.6207
vn -0.7060 -0.0200 -0.7079
vn -0.6258 -0.1830 -0.7582
vn -0.5753 0.0686 -0.8151
vn -0.4958 -0.0851 -0.8642
vn -0.8622 0.0714 -0.5015
vn -0.7580 0.1423 -0.6365
vn -0.6327 0.2159 -0.7437
vn -0.8742 0.2429 -0.4205
vn -0.7778 0.3003 -0.5521
vn -0.6662 0.3495 -0.6588
vn -0.6244 -0.4373 -0.6472
vn -0.4906 -0.5793 -0.6509
vn -0.3380 -0.6944 -0.6352
vn -0.5232 -0.3397 -0.7816
vn -0.4016 -0.4803 -0.7797
vn -0.2638 -0.5965 -0.7580
vn -0.4004 -0.2363 -0.8853
vn -0.2942 -0.3742 -0.8795
vn -0.1838 -0.4908 -0.8517
vn 0.8141 0.3584 0.4570
vn 0.7008 0.5214 0.4868
vn 0.6244 0.4373 0.6472
vn 0.7340 0.2757 0.6207
vn 0.5232 0.3397 0.7816
vn 0.6258 0.1830 0.7582
vn 0.4004 0.2363 0.8853
vn 0.4958 0.0851 0.8642
vn 0.5608 0.6621 0.4970
vn 0.4906 0.5793 0.6509
vn 0.4016 0.4803 0.7797
vn 0.2942 0.3742 0.8795
vn 0.4020 0.7748 0.4879
vn 0.3380 0.6944 0.6352
vn 0.2638 0.5965 0.7580
vn 0.1838 0.4908 0.8517
vn 0.8148 0.1036 0.5705
vn 0.8944 0.1813 0.4089
vn 0.8622 -0.0714 0.5015
vn 0.9384 -0.0004 0.3454
vn 0.8742 -0.2429 0.4205
vn 0.9462 -0.1780 0.2703
vn 0.7060 0.0200 0.7079
vn 0.7580 -0.1423 0.6365
vn 0.7778 -0.3003 0.5521
vn 0.5753 -0.0686 0.8151
vn 0.6327 -0.2159 0.7437
vn 0.6662 -0.3495 0.6588
vn 0.9396 0.2517 0.2318
vn 0.8615 0.4266 0.2753
vn 0.9498 0.3091 0.0474
vn 0.8746 0.4773 0.0850
vn 0.9273 0.3484 -0.1370
vn 0.8544 0.5089 -0.1045
vn 0.9816 0.0706 0.1775
vn 0.9909 0.1344 0.0052
vn 0.9689 0.1832 -0.1663
vn 0.9879 -0.1073 0.1119
vn 0.9982 -0.0378 -0.0455
vn 0.9809 0.0245 -0.1931
vn 0.7499 0.5855 0.3079
vn 0.6112 0.7214 0.3257
vn 0.4533 0.8300 0.3250
vn 0.7682 0.6289 0.1198
vn 0.6367 0.7572 0.1462
vn 0.4870 0.8591 0.1575
vn 0.7540 0.6533 -0.0683
vn 0.6331 0.7734 -0.0334
vn 0.5018 0.8650 -0.0036
usemtl Moon.003
s 1
f 483/560/483 484/561/484 485/562/485 486/563/486
f 486/563/486 485/562/485 487/564/487 488/565/488
f 488/565/488 487/564/487 489/566/489 490/567/490
f 490/567/490 489/566/489 491/568/491 492/569/492
f 484/561/484 493/570/493 494/571/494 485/562/485
f 485/562/485 494/571/494 495/572/495 487/564/487
f 487/564/487 495/572/495 496/573/496 489/566/489
f 489/566/489 496/573/496 497/574/497 491/568/491
f 493/570/493 498/575/498 499/576/499 494/571/494
f 494/571/494 499/576/499 500/577/500 495/572/495
f 495/572/495 500/577/500 501/578/501 496/573/496
f 496/573/496 501/578/501 502/579/502 497/574/497
f 498/575/498 503/580/503 504/581/504 499/576/499
f 499/576/499 504/581/504 505/582/505 500/577/500
f 500/577/500 505/582/505 506/583/506 501/578/501
f 501/578/501 506/583/506 507/584/507 502/579/502
f 483/560/483 486/563/486 508/585/508 509/586/509
f 509/586/509 508/585/508 510/587/510 511/588/511
f 511/588/511 510/587/510 512/589/512 513/590/513
f 513/590/513 512/589/512 514/591/514 515/592/515
f 486/563/486 488/565/488 516/593/516 508/585/508
f 508/585/508 516/593/516 517/594/517 510/587/510
f 510/587/510 517/594/517 518/595/518 512/589/512
f 512/589/512 518/595/518 519/596/519 514/591/514
f 488/565/488 490/567/490 520/597/520 516/593/516
f 516/593/516 520/597/520 521/598/521 517/594/517
f 517/594/517 521/598/521 522/599/522 518/595/518
f 518/595/518 522/599/522 523/600/523 519/596/519
f 490/567/490 492/569/492 524/601/524 520/597/520
f 520/597/520 524/601/524 525/602/525 521/598/521
f 521/598/521 525/602/525 526/603/526 522/599/522
f 522/599/522 526/603/526 527/604/527 523/600/523
f 483/560/483 509/586/509 528/605/528 529/606/529
f 529/606/529 528/605/528 530/607/530 531/608/531
f 531/608/531 530/607/530 532/609/532 533/610/533
f 533/610/533 532/609/532 534/611/534 535/612/535
f 509/586/509 511/588/511 536/613/536 528/605/528
f 528/605/528 536/613/536 537/614/537 530/607/530
f 530/607/530 537/614/537 538/615/538 532/609/532
f 532/609/532 538/615/538 539/616/539 534/611/534
f 511/588/511 513/590/513 540/617/540 536/613/536
f 536/613/536 540/617/540 541/618/541 537/614/537
f 537/614/537 541/618/541 542/619/542 538/615/538
f 538/615/538 542/619/542 543/620/543 539/616/539
f 513/590/513 515/592/515 544/621/544 540/617/540
f 540/617/540 544/621/544 545/622/545 541/618/541
f 541/618/541 545/622/545 546/623/546 542/619/542
f 542/619/542 546/623/546 547/624/547 543/620/543
f 483/560/483 529/606/529 548/625/548 484/561/484
f 484/561/484 548/625/548 549/626/549 493/570/493
f 493/570/493 549/626/549 550/627/550 498/575/498
f 498/575/498 550/627/550 551/628/551 503/580/503
f 529/606/529 531/608/531 552/629/552 548/625/548
f 548/625/548 552/629/552 553/630/553 549/626/549
f 549/626/549 553/630/553 554/631/554 550/627/550
f 550/627/550 554/631/554 555/632/555 551/628/551
f 531/608/531 533/610/533 556/633/556 552/629/552
f 552/629/552 556/633/556 557/634/557 553/630/553
f 553/630/553 557/634/557 558/635/558 554/631/554
f 554/631/554 558/635/558 559/636/559 555/632/555
f 533/610/533 535/612/535 560/637/560 556/633/556
f 556/633/556 560/637/560 561/638/561 557/634/557
f 557/634/557 561/638/561 562/639/562 558/635/558
f 558/635/558 562/639/562 563/640/563 559/636/559
f 564/641/564 565/642/565 566/643/566 567/644/567
f 567/644/567 566/643/566 568/645/568 569/646/569
f 569/646/569 568/645/568 570/647/570 571/648/571
f 571/648/571 570/647/570 560/637/560 535/612/535
f 565/642/565 572/649/572 573/650/573 566/643/566
f 566/643/566 573/650/573 574/651/574 568/645/568
f 568/645/568 574/651/574 575/652/575 570/647/570
f 570/647/570 575/652/575 561/638/561 560/637/560
f 572/649/572 576/653/576 577/654/577 573/650/573
f 573/650/573 577/654/577 578/655/578 574/651/574
f 574/651/574 578/655/578 579/656/579 575/652/575
f 575/652/575 579/656/579 562/639/562 561/638/561
f 576/653/576 580/657/580 581/658/581 577/654/577
f 577/654/577 581/658/581 582/659/582 578/655/578
f 578/655/578 582/659/582 583/660/583 579/656/579
f 579/656/579 583/660/583 563/640/563 562/639/562
f 564/641/564 567/644/567 584/661/584 585/662/585
f 585/662/585 584/661/584 586/663/586 587/664/587
f 587/664/587 586/663/586 588/665/588 589/666/589
f 589/666/589 588/665/588 590/667/590 591/668/591
f 567/644/567 569/646/569 592/669/592 584/661/584
f 584/661/584 592/669/592 593/670/593 586/663/586
f 586/663/586 593/670/593 594/671/594 588/665/588
f 588/665/588 594/671/594 595/672/595 590/667/590
f 569/646/569 571/648/571 596/673/596 592/669/592
f 592/669/592 596/673/596 597/674/597 593/670/593
f 593/670/593 597/674/597 598/675/598 594/671/594
f 594/671/594 598/675/598 599/676/599 595/672/595
f 571/648/571 535/612/535 534/611/534 596/673/596
f 596/673/596 534/611/534 539/616/539 597/674/597
f 597/674/597 539/616/539 543/620/543 598/675/598
f 598/675/598 543/620/543 547/624/547 599/676/599
f 564/641/564 585/662/585 600/677/600 601/678/601
f 601/678/601 600/677/600 602/679/602 603/680/603
f 603/680/603 602/679/602 604/681/604 605/682/605
f 605/682/605 604/681/604 606/683/606 607/684/607
f 585/662/585 587/664/587 608/685/608 600/677/600
f 600/677/600 608/685/608 609/686/609 602/679/602
f 602/679/602 609/686/609 610/687/610 604/681/604
f 604/681/604 610/687/610 611/688/611 606/683/606
f 587/664/587 589/666/589 612/689/612 608/685/608
f 608/685/608 612/689/612 613/690/613 609/686/609
f 609/686/609 613/690/613 614/691/614 610/687/610
f 610/687/610 614/691/614 615/692/615 611/688/611
f 589/666/589 591/668/591 616/693/616 612/689/612
f 612/689/612 616/693/616 617/694/617 613/690/613
f 613/690/613 617/694/617 618/695/618 614/691/614
f 614/691/614 618/695/618 619/696/619 615/692/615
f 564/641/564 601/678/601 620/697/620 565/642/565
f 565/642/565 620/697/620 621/698/621 572/649/572
f 572/649/572 621/698/621 622/699/622 576/653/576
f 576/653/576 622/699/622 623/700/623 580/657/580
f 601/678/601 603/680/603 624/701/624 620/697/620
f 620/697/620 624/701/624 625/702/625 621/698/621
f 621/698/621 625/702/625 626/703/626 622/699/622
f 622/699/622 626/703/626 627/704/627 623/700/623
f 603/680/603 605/682/605 628/705/628 624/701/624
f 624/701/624 628/705/628 629/706/629 625/702/625
f 625/702/625 629/706/629 630/707/630 626/703/626
f 626/703/626 630/707/630 631/708/631 627/704/627
f 605/682/605 607/684/607 632/709/632 628/705/628
f 628/705/628 632/709/632 633/710/633 629/706/629
f 629/706/629 633/710/633 634/711/634 630/707/630
f 630/707/630 634/711/634 635/712/635 631/708/631
f 636/713/636 637/714/637 638/715/638 639/716/639
f 639/716/639 638/715/638 640/717/640 641/718/641
f 641/718/641 640/717/640 642/719/642 643/720/643
f 643/720/643 642/719/642 632/709/632 607/684/607
f 637/714/637 644/721/644 645/722/645 638/715/638
f 638/715/638 645/722/645 646/723/646 640/717/640
f 640/717/640 646/723/646 647/724/647 642/719/642
f 642/719/642 647/724/647 633/710/633 632/709/632
f 644/721/644 648/725/648 649/726/649 645/722/645
f 645/722/645 649/726/649 650/727/650 646/723/646
f 646/723/646 650/727/650 651/728/651 647/724/647
f 647/724/647 651/728/651 634/711/634 633/710/633
f 648/725/648 652/729/652 653/730/653 649/726/649
f 649/726/649 653/730/653 654/731/654 650/727/650
f 650/727/650 654/731/654 655/732/655 651/728/651
f 651/728/651 655/732/655 635/712/635 634/711/634
f 636/713/636 639/716/639 656/733/656 657/734/657
f 657/734/657 656/733/656 658/735/658 659/736/659
f 659/736/659 658/735/658 660/737/660 661/738/661
f 661/738/661 660/737/660 662/739/662 663/740/663
f 639/716/639 641/718/641 664/741/664 656/733/656
f 656/733/656 664/741/664 665/742/665 658/735/658
f 658/735/658 665/742/665 666/743/666 660/737/660
f 660/737/660 666/743/666 667/744/667 662/739/662
f 641/718/641 643/720/643 668/745/668 664/741/664
f 664/741/664 668/745/668 669/746/669 665/742/665
f 665/742/665 669/746/669 670/747/670 666/743/666
f 666/743/666 670/747/670 671/748/671 667/744/667
f 643/720/643 607/684/607 606/683/606 668/745/668
f 668/745/668 606/683/606 611/688/611 669/746/669
f 669/746/669 611/688/611 615/692/615 670/747/670
f 670/747/670 615/692/615 619/696/619 671/748/671
f 636/713/636 657/734/657 672/749/672 673/750/673
f 673/750/673 672/749/672 674/751/674 675/752/675
f 675/752/675 674/751/674 676/753/676 677/754/677
f 677/754/677 676/753/676 678/755/678 679/756/679
f 657/734/657 659/736/659 680/757/680 672/749/672
f 672/749/672 680/757/680 681/758/681 674/751/674
f 674/751/674 681/758/681 682/759/682 676/753/676
f 676/753/676 682/759/682 683/760/683 678/755/678
f 659/736/659 661/738/661 684/761/684 680/757/680
f 680/757/680 684/761/684 685/762/685 681/758/681
f 681/758/681 685/762/685 686/763/686 682/759/682
f 682/759/682 686/763/686 687/764/687 683/760/683
f 661/738/661 663/740/663 688/765/688 684/761/684
f 684/761/684 688/765/688 689/766/689 685/762/685
f 685/762/685 689/766/689 690/767/690 686/763/686
f 686/763/686 690/767/690 691/768/691 687/764/687
f 636/713/636 673/750/673 692/769/692 637/714/637
f 637/714/637 692/769/692 693/770/693 644/721/644
f 644/721/644 693/770/693 694/771/694 648/725/648
f 648/725/648 694/771/694 695/772/695 652/729/652
f 673/750/673 675/752/675 696/773/696 692/769/692
f 692/769/692 696/773/696 697/774/697 693/770/693
f 693/770/693 697/774/697 698/775/698 694/771/694
f 694/771/694 698/775/698 699/776/699 695/772/695
f 675/752/675 677/754/677 700/777/700 696/773/696
f 696/773/696 700/777/700 701/778/701 697/774/697
f 697/774/697 701/778/701 702/779/702 698/775/698
f 698/775/698 702/779/702 703/780/703 699/776/699
f 677/754/677 679/756/679 704/781/704 700/777/700
f 700/777/700 704/781/704 705/782/705 701/778/701
f 701/778/701 705/782/705 706/783/706 702/779/702
f 702/779/702 706/783/706 707/784/707 703/780/703
f 708/785/708 709/786/709 710/787/710 711/788/711
f 711/788/711 710/787/710 712/789/712 713/790/713
f 713/790/713 712/789/712 714/791/714 715/792/715
f 715/792/715 714/791/714 704/793/704 679/794/679
f 709/786/709 716/795/716 717/796/717 710/787/710
f 710/787/710 717/796/717 718/797/718 712/789/712
f 712/789/712 718/797/718 719/798/719 714/791/714
f 714/791/714 719/798/719 705/799/705 704/793/704
f 716/795/716 720/800/720 721/801/721 717/796/717
f 717/796/717 721/801/721 722/802/722 718/797/718
f 718/797/718 722/802/722 723/803/723 719/798/719
f 719/798/719 723/803/723 706/804/706 705/799/705
f 720/800/720 724/805/724 725/806/725 721/801/721
f 721/801/721 725/806/725 726/807/726 722/802/722
f 722/802/722 726/807/726 727/808/727 723/803/723
f 723/803/723 727/808/727 707/809/707 706/804/706
f 708/785/708 711/788/711 728/810/728 729/811/729
f 729/811/729 728/810/728 730/812/730 731/813/731
f 731/813/731 730/812/730 732/814/732 733/815/733
f 733/815/733 732/814/732 734/816/734 735/817/735
f 711/788/711 713/790/713 736/818/736 728/810/728
f 728/810/728 736/818/736 737/819/737 730/812/730
f 730/812/730 737/819/737 738/820/738 732/814/732
f 732/814/732 738/820/738 739/821/739 734/816/734
f 713/790/713 715/792/715 740/822/740 736/818/736
f 736/818/736 740/822/740 741/823/741 737/819/737
f 737/819/737 741/823/741 742/824/742 738/820/738
f 738/820/738 742/824/742 743/825/743 739/821/739
f 715/792/715 679/794/679 678/826/678 740/822/740
f 740/822/740 678/826/678 683/827/683 741/823/741
f 741/823/741 683/827/683 687/828/687 742/824/742
f 742/824/742 687/828/687 691/829/691 743/825/743
f 708/785/708 729/811/729 744/830/744 745/831/745
f 745/831/745 744/830/744 746/832/746 747/833/747
f 747/833/747 746/832/746 748/834/748 749/835/749
f 749/835/749 748/834/748 524/836/524 492/837/492
f 729/811/729 731/813/731 750/838/750 744/830/744
f 744/830/744 750/838/750 751/839/751 746/832/746
f 746/832/746 751/839/751 752/840/752 748/834/748
f 748/834/748 752/840/752 525/841/525 524/836/524
f 731/813/731 733/815/733 753/842/753 750/838/750
f 750/838/750 753/842/753 754/843/754 751/839/751
f 751/839/751 754/843/754 755/844/755 752/840/752
f 752/840/752 755/844/755 526/845/526 525/841/525
f 733/815/733 735/817/735 756/846/756 753/842/753
f 753/842/753 756/846/756 757/847/757 754/843/754
f 754/843/754 757/847/757 758/848/758 755/844/755
f 755/844/755 758/848/758 527/849/527 526/845/526
f 708/785/708 745/831/745 759/850/759 709/786/709
f 709/786/709 759/850/759 760/851/760 716/795/716
f 716/795/716 760/851/760 761/852/761 720/800/720
f 720/800/720 761/852/761 762/853/762 724/805/724
f 745/831/745 747/833/747 763/854/763 759/850/759
f 759/850/759 763/854/763 764/855/764 760/851/760
f 760/851/760 764/855/764 765/856/765 761/852/761
f 761/852/761 765/856/765 766/857/766 762/853/762
f 747/833/747 749/835/749 767/858/767 763/854/763
f 763/854/763 767/858/767 768/859/768 764/855/764
f 764/855/764 768/859/768 769/860/769 765/856/765
f 765/856/765 769/860/769 770/861/770 766/857/766
f 749/835/749 492/837/492 491/862/491 767/858/767
f 767/858/767 491/862/491 497/863/497 768/859/768
f 768/859/768 497/863/497 502/864/502 769/860/769
f 769/860/769 502/864/502 507/865/507 770/861/770
f 771/866/771 772/867/772 773/868/773 774/869/774
f 774/869/774 773/868/773 775/870/775 776/871/776
f 776/871/776 775/870/775 777/872/777 778/873/778
f 778/873/778 777/872/777 581/658/581 580/657/580
f 772/867/772 779/874/779 780/875/780 773/868/773
f 773/868/773 780/875/780 781/876/781 775/870/775
f 775/870/775 781/876/781 782/877/782 777/872/777
f 777/872/777 782/877/782 582/659/582 581/658/581
f 779/874/779 783/878/783 784/879/784 780/875/780
f 780/875/780 784/879/784 785/880/785 781/876/781
f 781/876/781 785/880/785 786/881/786 782/877/782
f 782/877/782 786/881/786 583/660/583 582/659/582
f 783/878/783 503/882/503 551/883/551 784/879/784
f 784/879/784 551/883/551 555/884/555 785/880/785
f 785/880/785 555/884/555 559/885/559 786/881/786
f 786/881/786 559/885/559 563/640/563 583/660/583
f 771/866/771 774/869/774 787/886/787 788/887/788
f 788/887/788 787/886/787 789/888/789 790/889/790
f 790/889/790 789/888/789 791/890/791 792/891/792
f 792/891/792 791/890/791 653/892/653 652/893/652
f 774/869/774 776/871/776 793/894/793 787/886/787
f 787/886/787 793/894/793 794/895/794 789/888/789
f 789/888/789 794/895/794 795/896/795 791/890/791
f 791/890/791 795/896/795 654/897/654 653/892/653
f 776/871/776 778/873/778 796/898/796 793/894/793
f 793/894/793 796/898/796 797/899/797 794/895/794
f 794/895/794 797/899/797 798/900/798 795/896/795
f 795/896/795 798/900/798 655/901/655 654/897/654
f 778/873/778 580/657/580 623/700/623 796/898/796
f 796/898/796 623/700/623 627/704/627 797/899/797
f 797/899/797 627/704/627 631/708/631 798/900/798
f 798/900/798 631/708/631 635/712/635 655/901/655
f 771/866/771 788/887/788 799/902/799 800/903/800
f 800/903/800 799/902/799 801/904/801 802/905/802
f 802/905/802 801/904/801 803/906/803 804/907/804
f 804/907/804 803/906/803 725/806/725 724/805/724
f 788/887/788 790/889/790 805/908/805 799/902/799
f 799/902/799 805/908/805 806/909/806 801/904/801
f 801/904/801 806/909/806 807/910/807 803/906/803
f 803/906/803 807/910/807 726/807/726 725/806/725
f 790/889/790 792/891/792 808/911/808 805/908/805
f 805/908/805 808/911/808 809/912/809 806/909/806
f 806/909/806 809/912/809 810/913/810 807/910/807
f 807/910/807 810/913/810 727/808/727 726/807/726
f 792/891/792 652/893/652 695/914/695 808/911/808
f 808/911/808 695/914/695 699/915/699 809/912/809
f 809/912/809 699/915/699 703/916/703 810/913/810
f 810/913/810 703/916/703 707/809/707 727/808/727
f 771/866/771 800/903/800 811/917/811 772/867/772
f 772/867/772 811/917/811 812/918/812 779/874/779
f 779/874/779 812/918/812 813/919/813 783/878/783
f 783/878/783 813/919/813 504/920/504 503/882/503
f 800/903/800 802/905/802 814/921/814 811/917/811
f 811/917/811 814/921/814 815/922/815 812/918/812
f 812/918/812 815/922/815 816/923/816 813/919/813
f 813/919/813 816/923/816 505/924/505 504/920/504
f 802/905/802 804/907/804 817/925/817 814/921/814
f 814/921/814 817/925/817 818/926/818 815/922/815
f 815/922/815 818/926/818 819/927/819 816/923/816
f 816/923/816 819/927/819 506/928/506 505/924/505
f 804/907/804 724/805/724 762/853/762 817/925/817
f 817/925/817 762/853/762 766/857/766 818/926/818
f 818/926/818 766/857/766 770/861/770 819/927/819
f 819/927/819 770/861/770 507/865/507 506/928/506
f 820/929/820 821/930/821 822/931/822 823/932/823
f 823/932/823 822/931/822 824/933/824 825/934/825
f 825/934/825 824/933/824 826/935/826 827/936/827
f 827/936/827 826/935/826 616/693/616 591/668/591
f 821/930/821 828/937/828 829/938/829 822/931/822
f 822/931/822 829/938/829 830/939/830 824/933/824
f 824/933/824 830/939/830 831/940/831 826/935/826
f 826/935/826 831/940/831 617/694/617 616/693/616
f 828/937/828 832/941/832 833/942/833 829/938/829
f 829/938/829 833/942/833 834/943/834 830/939/830
f 830/939/830 834/943/834 835/944/835 831/940/831
f 831/940/831 835/944/835 618/695/618 617/694/617
f 832/941/832 663/945/663 662/946/662 833/942/833
f 833/942/833 662/946/662 667/947/667 834/943/834
f 834/943/834 667/947/667 671/948/671 835/944/835
f 835/944/835 671/948/671 619/696/619 618/695/618
f 820/929/820 823/932/823 836/949/836 837/950/837
f 837/950/837 836/949/836 838/951/838 839/952/839
f 839/952/839 838/951/838 840/953/840 841/954/841
f 841/954/841 840/953/840 544/955/544 515/956/515
f 823/932/823 825/934/825 842/957/842 836/949/836
f 836/949/836 842/957/842 843/958/843 838/951/838
f 838/951/838 843/958/843 844/959/844 840/953/840
f 840/953/840 844/959/844 545/960/545 544/955/544
f 825/934/825 827/936/827 845/961/845 842/957/842
f 842/957/842 845/961/845 846/962/846 843/958/843
f 843/958/843 846/962/846 847/963/847 844/959/844
f 844/959/844 847/963/847 546/964/546 545/960/545
f 827/936/827 591/668/591 590/667/590 845/961/845
f 845/961/845 590/667/590 595/672/595 846/962/846
f 846/962/846 595/672/595 599/676/599 847/963/847
f 847/963/847 599/676/599 547/624/547 546/964/546
f 820/929/820 837/950/837 848/965/848 849/966/849
f 849/966/849 848/965/848 850/967/850 851/968/851
f 851/968/851 850/967/850 852/969/852 853/970/853
f 853/970/853 852/969/852 756/971/756 735/972/735
f 837/950/837 839/952/839 854/973/854 848/965/848
f 848/965/848 854/973/854 855/974/855 850/967/850
f 850/967/850 855/974/855 856/975/856 852/969/852
f 852/969/852 856/975/856 757/976/757 756/971/756
f 839/952/839 841/954/841 857/977/857 854/973/854
f 854/973/854 857/977/857 858/978/858 855/974/855
f 855/974/855 858/978/858 859/979/859 856/975/856
f 856/975/856 859/979/859 758/980/758 757/976/757
f 841/954/841 515/956/515 514/981/514 857/977/857
f 857/977/857 514/981/514 519/982/519 858/978/858
f 858/978/858 519/982/519 523/983/523 859/979/859
f 859/979/859 523/983/523 527/984/527 758/980/758
f 820/929/820 849/966/849 860/985/860 821/930/821
f 821/930/821 860/985/860 861/986/861 828/937/828
f 828/937/828 861/986/861 862/987/862 832/941/832
f 832/941/832 862/987/862 688/988/688 663/945/663
f 849/966/849 851/968/851 863/989/863 860/985/860
f 860/985/860 863/989/863 864/990/864 861/986/861
f 861/986/861 864/990/864 865/991/865 862/987/862
f 862/987/862 865/991/865 689/992/689 688/988/688
f 851/968/851 853/970/853 866/993/866 863/989/863
f 863/989/863 866/993/866 867/994/867 864/990/864
f 864/990/864 867/994/867 868/995/868 865/991/865
f 865/991/865 868/995/868 690/996/690 689/992/689
f 853/970/853 735/972/735 734/997/734 866/993/866
f 866/993/866 734/997/734 739/998/739 867/994/867
f 867/994/867 739/998/739 743/999/743 868/995/868
f 868/995/868 743/999/743 691/1000/691 690/996/690
