# Blender v2.92.0 OBJ File: ''
# www.blender.org
mtllib Scene.mtl
o Moon_Moon_Cube.004
v 0.905280 1.555560 -6.826303
v 0.600602 1.457742 -6.981385
v 0.701273 1.620659 -7.270691
v 1.001093 1.720414 -7.124256
v 0.770102 1.834335 -7.527299
v 1.057139 1.934652 -7.391133
v 0.800076 2.083760 -7.743457
v 1.073547 2.184217 -7.616121
v 0.786543 2.356023 -7.917531
v 1.052943 2.458294 -7.795331
v 0.278909 1.425547 -7.113943
v 0.381790 1.580677 -7.389141
v 0.462995 1.784356 -7.630596
v 0.510309 2.021282 -7.831079
v 0.507794 2.277921 -7.992606
v -0.042372 1.456177 -7.218790
v 0.061330 1.602329 -7.480524
v 0.155841 1.790570 -7.704862
v 0.228202 2.002191 -7.882609
v 0.243460 2.226423 -8.022590
v -0.352383 1.543681 -7.294538
v -0.246516 1.684231 -7.549307
v -0.135860 1.859691 -7.762986
v -0.030976 2.048220 -7.924567
v 0.046991 2.201132 -8.021162
v 1.262361 1.872029 -6.952806
v 1.173857 1.714487 -6.657707
v 1.473143 2.068608 -6.771471
v 1.391746 1.922921 -6.486053
v 1.628195 2.300783 -6.594995
v 1.552233 2.166751 -6.320006
v 1.728141 2.561471 -6.435066
v 1.655103 2.435206 -6.164371
v 1.306849 2.074491 -7.222317
v 1.508131 2.251147 -7.037477
v 1.655112 2.458436 -6.855464
v 1.749295 2.696850 -6.696910
v 1.312521 2.312450 -7.451705
v 1.504076 2.464165 -7.266043
v 1.641115 2.630623 -7.080702
v 1.726457 2.827953 -6.928967
v 1.287125 2.578649 -7.632298
v 1.475244 2.707773 -7.442088
v 1.609771 2.832721 -7.246517
v 1.684806 2.927099 -7.092352
v 1.040837 1.608769 -6.355897
v 0.774252 1.451594 -6.514325
v 0.875756 1.562686 -6.061240
v 0.616650 1.413035 -6.207055
v 0.693179 1.578171 -5.784635
v 0.442096 1.437261 -5.919339
v 0.506032 1.654025 -5.531212
v 0.257605 1.518616 -5.659063
v 1.261819 1.816904 -6.200694
v 1.096354 1.761246 -5.926000
v 0.912820 1.761841 -5.671454
v 0.731126 1.825390 -5.436931
v 1.427007 2.060833 -6.050399
v 1.264599 1.993226 -5.799219
v 1.085219 1.969458 -5.578722
v 0.917592 2.010856 -5.378104
v 1.532092 2.327580 -5.903461
v 1.369975 2.244828 -5.669309
v 1.189935 2.189585 -5.477325
v 1.040809 2.161893 -5.351847
v 0.478424 1.357341 -6.672409
v 0.168148 1.328873 -6.815958
v -0.142712 1.362259 -6.932957
v -0.445562 1.450220 -7.014576
v 0.336686 1.322428 -6.363814
v 0.047132 1.294280 -6.514876
v -0.239710 1.325151 -6.643376
v -0.520467 1.407458 -6.729871
v 0.177864 1.349358 -6.073413
v -0.086001 1.318746 -6.231250
v -0.333895 1.340772 -6.374185
v -0.573999 1.409595 -6.466157
v 0.002425 1.431274 -5.813316
v -0.241646 1.395320 -5.981932
v -0.455239 1.404296 -6.147407
v -0.603779 1.435658 -6.273612
v -0.513935 2.375922 -4.977007
v -0.790092 2.263329 -5.171215
v -0.603895 1.983595 -5.263380
v -0.328965 2.088438 -5.076111
v -0.399478 1.747946 -5.405228
v -0.132222 1.844849 -5.230407
v -0.193001 1.563567 -5.590411
v 0.065529 1.654242 -5.428114
v -1.026643 2.184356 -5.414416
v -0.845319 1.917401 -5.496853
v -0.640706 1.693305 -5.619654
v -0.432476 1.519567 -5.780305
v -1.214850 2.140338 -5.690670
v -1.040070 1.885543 -5.763954
v -0.838677 1.674062 -5.863396
v -0.633253 1.514956 -5.984459
v -1.352727 2.129705 -5.988118
v -1.180938 1.880830 -6.054935
v -0.978773 1.675515 -6.132266
v -0.769491 1.523758 -6.211415
v -0.038862 2.231627 -4.945072
v -0.213937 2.516311 -4.845539
v 0.252847 2.399597 -4.878509
v 0.091153 2.675288 -4.783114
v 0.534844 2.577365 -4.877839
v 0.385488 2.843451 -4.787947
v 0.801418 2.752067 -4.940601
v 0.660020 3.014371 -4.854339
v 0.141493 1.985743 -5.101355
v 0.411790 2.156027 -5.028540
v 0.669386 2.337263 -5.016675
v 0.914898 2.508685 -5.069499
v 0.323285 1.791124 -5.300971
v 0.568016 1.960496 -5.219370
v 0.787763 2.141174 -5.187701
v 0.995849 2.301920 -5.221625
v -0.378735 2.821690 -4.811698
v -0.675362 2.690775 -4.940787
v -0.519089 3.132539 -4.842049
v -0.804325 3.013287 -4.967638
v -0.624123 3.435720 -4.928867
v -0.896839 3.326770 -5.051449
v -0.686543 3.723979 -5.062468
v -0.952943 3.621708 -5.184669
v -0.072489 2.964166 -4.750053
v -0.221197 3.254498 -4.778682
v -0.338988 3.534551 -4.861419
v -0.407794 3.802081 -4.987392
v 0.224603 3.116105 -4.754520
v 0.068118 3.381346 -4.777890
v -0.066326 3.624264 -4.848880
v -0.143460 3.853579 -4.957409
v 0.499174 3.277776 -4.819708
v 0.330948 3.524188 -4.836277
v 0.171496 3.735120 -4.893060
v 0.053009 3.878870 -4.958838
v -0.942430 2.573709 -5.131390
v -1.168318 2.482058 -5.370818
v -1.347437 2.424391 -5.643619
v -1.480171 2.406651 -5.937177
v -1.057721 2.894834 -5.148341
v -1.269581 2.791935 -5.374053
v -1.434881 2.718339 -5.629867
v -1.557416 2.691218 -5.904568
v -1.137527 3.208279 -5.221289
v -1.334410 3.093823 -5.427606
v -1.481125 2.998290 -5.652094
v -1.587334 2.957209 -5.889625
v -1.187125 3.501353 -5.347702
v -1.375244 3.372229 -5.537911
v -1.509771 3.247281 -5.733482
v -1.584806 3.152903 -5.887647
v -0.805280 4.524442 -6.153695
v -1.073857 4.365515 -6.322291
v -1.162361 4.207973 -6.027194
v -0.901093 4.359588 -5.855742
v -1.206849 4.005511 -5.757682
v -0.957139 4.145350 -5.588866
v -1.212521 3.767551 -5.528294
v -0.973547 3.895785 -5.363877
v -1.291746 4.157081 -6.493946
v -1.373143 4.011394 -6.208529
v -1.408131 3.828855 -5.942522
v -1.404076 3.615837 -5.713956
v -1.452233 3.913251 -6.659993
v -1.528195 3.779219 -6.385004
v -1.555112 3.621566 -6.124535
v -1.541115 3.449379 -5.899297
v -1.555103 3.644796 -6.815629
v -1.628141 3.518531 -6.544933
v -1.649295 3.383152 -6.283089
v -1.626457 3.252049 -6.051032
v -0.601273 4.459343 -5.709307
v -0.500602 4.622261 -5.998613
v -0.281790 4.499325 -5.590857
v -0.178909 4.654455 -5.866055
v 0.038670 4.477673 -5.499474
v 0.142372 4.623825 -5.761208
v 0.346516 4.395771 -5.430691
v 0.452383 4.536321 -5.685461
v -0.670102 4.245667 -5.452700
v -0.362995 4.295646 -5.349402
v -0.055841 4.289432 -5.275136
v 0.235860 4.220311 -5.217012
v -0.700076 3.996242 -5.236542
v -0.410309 4.058720 -5.148920
v -0.128202 4.077811 -5.097390
v 0.130976 4.031782 -5.055432
v -0.378424 4.722661 -6.307589
v -0.674252 4.628407 -6.465673
v -0.236686 4.757574 -6.616185
v -0.516650 4.666967 -6.772943
v -0.077864 4.730644 -6.906586
v -0.342096 4.642741 -7.060659
v 0.097575 4.648728 -7.166683
v -0.157605 4.561387 -7.320935
v -0.068148 4.751129 -6.164041
v 0.052868 4.785722 -6.465123
v 0.186001 4.761256 -6.748749
v 0.341646 4.684682 -6.998066
v 0.242712 4.717743 -6.047041
v 0.339710 4.754851 -6.336623
v 0.433895 4.739230 -6.605813
v 0.555239 4.675706 -6.832591
v 0.545563 4.629782 -5.965423
v 0.620468 4.672544 -6.250128
v 0.673999 4.670407 -6.513842
v 0.703779 4.644344 -6.706387
v -0.940837 4.471233 -6.624101
v -1.161819 4.263098 -6.779305
v -1.327007 4.019169 -6.929599
v -1.432092 3.752422 -7.076538
v -0.775756 4.517316 -6.918758
v -0.996354 4.318756 -7.053998
v -1.164599 4.086776 -7.180779
v -1.269975 3.835174 -7.310690
v -0.593179 4.501831 -7.195363
v -0.812820 4.318161 -7.308545
v -0.985219 4.110544 -7.401277
v -1.089935 3.890417 -7.502674
v -0.406032 4.425977 -7.448786
v -0.631126 4.254612 -7.543067
v -0.817592 4.069147 -7.601895
v -0.940809 3.918109 -7.628152
v 0.613935 3.704080 -8.002991
v 0.313937 3.563691 -8.134459
v 0.138862 3.848375 -8.034926
v 0.428965 3.991564 -7.903889
v -0.041493 4.094259 -7.878644
v 0.232222 4.235153 -7.749592
v -0.223285 4.288878 -7.679029
v 0.034471 4.425760 -7.551884
v 0.008847 3.404714 -8.196884
v -0.152847 3.680405 -8.101490
v -0.311790 3.923975 -7.951459
v -0.468016 4.119505 -7.760629
v -0.285488 3.236552 -8.192052
v -0.434844 3.502637 -8.102160
v -0.569386 3.742739 -7.963325
v -0.687763 3.938828 -7.792298
v -0.560020 3.065631 -8.125660
v -0.701418 3.327935 -8.039397
v -0.814898 3.571317 -7.910501
v -0.895849 3.778082 -7.758374
v 0.703894 4.096407 -7.716619
v 0.890092 3.816673 -7.808784
v 0.945319 4.162601 -7.483146
v 1.126643 3.895646 -7.565583
v 1.140070 4.194459 -7.216044
v 1.314850 3.939664 -7.289329
v 1.280938 4.199172 -6.925065
v 1.452727 3.950297 -6.991881
v 0.499478 4.332057 -7.574770
v 0.740706 4.386697 -7.360346
v 0.938677 4.405940 -7.116602
v 1.078773 4.404487 -6.847732
v 0.293001 4.516436 -7.389587
v 0.532476 4.560435 -7.199693
v 0.733253 4.565046 -6.995539
v 0.869491 4.556244 -6.768582
v 1.042431 3.506293 -7.848609
v 0.775362 3.389227 -8.039210
v 1.157721 3.185168 -7.831658
v 0.904325 3.066715 -8.012360
v 1.237527 2.871723 -7.758710
v 0.996839 2.753232 -7.928549
v 1.268318 3.597944 -7.609180
v 1.369581 3.288067 -7.605947
v 1.434410 2.986179 -7.552393
v 1.447437 3.655611 -7.336380
v 1.534881 3.361663 -7.350132
v 1.581125 3.081712 -7.327905
v 1.580171 3.673351 -7.042822
v 1.657416 3.388784 -7.075431
v 1.687334 3.122793 -7.090374
v 0.478735 3.258312 -8.168300
v 0.172489 3.115836 -8.229945
v -0.124603 2.963897 -8.225478
v -0.399173 2.802227 -8.160291
v 0.619089 2.947464 -8.137950
v 0.321197 2.825505 -8.201318
v 0.031882 2.698656 -8.202110
v -0.230948 2.555815 -8.143723
v 0.724123 2.644282 -8.051132
v 0.438988 2.545451 -8.118581
v 0.166326 2.455739 -8.131119
v -0.071496 2.344882 -8.086940
v -1.371482 2.414531 -7.287712
v -1.170919 2.126438 -7.340250
v -1.257659 2.013918 -7.024180
v -1.454967 2.294057 -6.966244
v -1.289104 1.938439 -6.693785
v -1.477001 2.205612 -6.632236
v -1.263338 1.896274 -6.366714
v -1.441001 2.151153 -6.302834
v -0.924564 1.880013 -7.357653
v -1.013413 1.775963 -7.055266
v -1.056637 1.712733 -6.738763
v -1.047909 1.683987 -6.426846
v -0.647838 1.684880 -7.341372
v -0.738214 1.587653 -7.053534
v -0.795827 1.536033 -6.756126
v -0.814606 1.523329 -6.471857
v -1.592333 2.603034 -6.889959
v -1.513018 2.727670 -7.202455
v -1.665020 2.921143 -6.794546
v -1.589312 3.046568 -7.090651
v -1.675058 3.230401 -6.679972
v -1.601689 3.355241 -6.959801
v -1.609315 2.502373 -6.566133
v -1.680700 2.810120 -6.490375
v -1.692230 3.108869 -6.400224
v -1.569286 2.434752 -6.245553
v -1.641663 2.727628 -6.191895
v -1.659682 3.005942 -6.137870
v -1.372098 2.864452 -7.487490
v -1.229562 2.560827 -7.576867
v -1.180439 3.011009 -7.728282
v -1.038974 2.723715 -7.817503
v -0.952518 3.165358 -7.913871
v -0.812405 2.894034 -8.000998
v -1.454624 3.171517 -7.365771
v -1.270530 3.297724 -7.602631
v -1.052257 3.427308 -7.787376
v -1.474343 3.469674 -7.224796
v -1.302534 3.572910 -7.456864
v -1.104721 3.665771 -7.640304
v -1.036110 2.275383 -7.623089
v -0.800715 2.026421 -7.628905
v -0.534654 1.827035 -7.601333
v -0.857924 2.447159 -7.858349
v -0.642404 2.200488 -7.855269
v -0.401109 2.000267 -7.818014
v -0.643717 2.626984 -8.038012
v -0.453472 2.383854 -8.027581
v -0.253458 2.183395 -7.980740
v 1.471482 3.665471 -5.692286
v 1.270919 3.953564 -5.639749
v 1.136110 3.804619 -5.356910
v 1.329562 3.519175 -5.403131
v 0.957924 3.632843 -5.121650
v 1.138973 3.356287 -5.162496
v 0.743717 3.453018 -4.941988
v 0.912405 3.185968 -4.979001
v 1.024564 4.199989 -5.622345
v 0.900716 4.053581 -5.351093
v 0.742404 3.879514 -5.124730
v 0.553472 3.696148 -4.952418
v 0.747839 4.395122 -5.638626
v 0.634654 4.252967 -5.378665
v 0.501109 4.079735 -5.161984
v 0.353458 3.896607 -4.999259
v 1.472098 3.215550 -5.492509
v 1.613018 3.352332 -5.777544
v 1.554624 2.908485 -5.614227
v 1.689312 3.033434 -5.889349
v 1.574343 2.610328 -5.755202
v 1.701689 2.724761 -6.020198
v 1.280439 3.068993 -5.251717
v 1.370530 2.782278 -5.377369
v 1.402534 2.507092 -5.523135
v 1.052518 2.914645 -5.066127
v 1.152257 2.652694 -5.192622
v 1.204721 2.414231 -5.339695
v 1.692333 3.476968 -6.090040
v 1.554967 3.785945 -6.013755
v 1.709315 3.577629 -6.413867
v 1.577001 3.874390 -6.347764
v 1.669286 3.645250 -6.734446
v 1.541002 3.928849 -6.677166
v 1.765019 3.158859 -6.185453
v 1.780700 3.269881 -6.489625
v 1.741663 3.352374 -6.788105
v 1.775058 2.849601 -6.300027
v 1.792230 2.971133 -6.579775
v 1.759682 3.074060 -6.842129
v 1.357659 4.066084 -5.955819
v 1.113413 4.304039 -5.924733
v 0.838214 4.492349 -5.926465
v 1.389104 4.141563 -6.286214
v 1.156637 4.367269 -6.241236
v 0.895827 4.543969 -6.223872
v 1.363338 4.183728 -6.613286
v 1.147909 4.396015 -6.553153
v 0.914606 4.556673 -6.508141
vt 0.376507 0.827995
vt 0.407396 0.827995
vt 0.407396 0.868974
vt 0.376508 0.868974
vt 0.407396 0.909954
vt 0.376507 0.909954
vt 0.407396 0.950933
vt 0.376507 0.950933
vt 0.407396 0.991912
vt 0.376507 0.991912
vt 0.438284 0.827995
vt 0.438284 0.868974
vt 0.438284 0.909954
vt 0.438284 0.950933
vt 0.438284 0.991912
vt 0.469172 0.827995
vt 0.469172 0.868974
vt 0.469172 0.909954
vt 0.469172 0.950933
vt 0.469172 0.991912
vt 0.500060 0.827995
vt 0.500060 0.868974
vt 0.500060 0.909954
vt 0.500060 0.950933
vt 0.500060 0.991912
vt 0.345619 0.868974
vt 0.345619 0.827995
vt 0.314731 0.868974
vt 0.314731 0.827995
vt 0.283843 0.868974
vt 0.283843 0.827995
vt 0.252955 0.868974
vt 0.252955 0.827995
vt 0.345619 0.909954
vt 0.314731 0.909954
vt 0.283843 0.909954
vt 0.252955 0.909954
vt 0.345619 0.950933
vt 0.314731 0.950933
vt 0.283843 0.950933
vt 0.252955 0.950933
vt 0.345619 0.991912
vt 0.314731 0.991912
vt 0.283843 0.991912
vt 0.252955 0.991912
vt 0.345619 0.787015
vt 0.376507 0.787016
vt 0.345619 0.746036
vt 0.376507 0.746036
vt 0.345619 0.705057
vt 0.376507 0.705057
vt 0.345619 0.664078
vt 0.376507 0.664078
vt 0.314731 0.787015
vt 0.314731 0.746036
vt 0.314731 0.705057
vt 0.314731 0.664078
vt 0.283843 0.787016
vt 0.283843 0.746036
vt 0.283843 0.705057
vt 0.283843 0.664078
vt 0.252955 0.787016
vt 0.252955 0.746036
vt 0.252955 0.705057
vt 0.252955 0.664078
vt 0.407396 0.787016
vt 0.438284 0.787016
vt 0.469172 0.787016
vt 0.500060 0.787016
vt 0.407396 0.746036
vt 0.438284 0.746036
vt 0.469172 0.746036
vt 0.500060 0.746036
vt 0.407396 0.705057
vt 0.438284 0.705057
vt 0.469172 0.705057
vt 0.500060 0.705057
vt 0.407396 0.664078
vt 0.438284 0.664078
vt 0.469172 0.664078
vt 0.500060 0.664078
vt 0.376507 0.500000
vt 0.407396 0.500000
vt 0.407396 0.541019
vt 0.376508 0.541019
vt 0.407396 0.582039
vt 0.376507 0.582039
vt 0.407396 0.623058
vt 0.376507 0.623058
vt 0.438284 0.500000
vt 0.438284 0.541019
vt 0.438284 0.582039
vt 0.438284 0.623058
vt 0.469172 0.500000
vt 0.469172 0.541019
vt 0.469172 0.582039
vt 0.469172 0.623058
vt 0.500060 0.500000
vt 0.500060 0.541019
vt 0.500060 0.582039
vt 0.500060 0.623058
vt 0.345619 0.541019
vt 0.345619 0.500000
vt 0.314731 0.541019
vt 0.314731 0.500000
vt 0.283843 0.541019
vt 0.283843 0.500000
vt 0.252955 0.541019
vt 0.252955 0.500000
vt 0.345619 0.582039
vt 0.314731 0.582039
vt 0.283843 0.582039
vt 0.252955 0.582039
vt 0.345619 0.623058
vt 0.314731 0.623058
vt 0.283843 0.623058
vt 0.252955 0.623058
vt 0.345619 0.458981
vt 0.376507 0.458981
vt 0.345619 0.417961
vt 0.376507 0.417961
vt 0.345619 0.376942
vt 0.376507 0.376942
vt 0.345619 0.335922
vt 0.376507 0.335922
vt 0.314731 0.458981
vt 0.314731 0.417961
vt 0.314731 0.376942
vt 0.314731 0.335922
vt 0.283843 0.458981
vt 0.283843 0.417961
vt 0.283843 0.376942
vt 0.283843 0.335922
vt 0.252955 0.458981
vt 0.252955 0.417961
vt 0.252955 0.376942
vt 0.252955 0.335922
vt 0.407396 0.458981
vt 0.438284 0.458981
vt 0.469172 0.458981
vt 0.500060 0.458981
vt 0.407396 0.417961
vt 0.438284 0.417961
vt 0.469172 0.417961
vt 0.500060 0.417961
vt 0.407396 0.376942
vt 0.438284 0.376942
vt 0.469172 0.376942
vt 0.500060 0.376942
vt 0.407396 0.335922
vt 0.438284 0.335922
vt 0.469172 0.335922
vt 0.500060 0.335922
vt 0.376507 0.172005
vt 0.407396 0.172005
vt 0.407396 0.212984
vt 0.376508 0.212984
vt 0.407396 0.253964
vt 0.376507 0.253964
vt 0.407396 0.294943
vt 0.376507 0.294943
vt 0.438284 0.172005
vt 0.438284 0.212984
vt 0.438284 0.253964
vt 0.438284 0.294943
vt 0.469172 0.172005
vt 0.469172 0.212984
vt 0.469172 0.253964
vt 0.469172 0.294943
vt 0.500060 0.172005
vt 0.500060 0.212984
vt 0.500060 0.253964
vt 0.500060 0.294943
vt 0.345619 0.212984
vt 0.345619 0.172005
vt 0.314731 0.212984
vt 0.314731 0.172005
vt 0.283843 0.212984
vt 0.283843 0.172005
vt 0.252955 0.212984
vt 0.252955 0.172005
vt 0.345619 0.253964
vt 0.314731 0.253964
vt 0.283843 0.253964
vt 0.252955 0.253964
vt 0.345619 0.294943
vt 0.314731 0.294943
vt 0.283843 0.294943
vt 0.252955 0.294943
vt 0.345619 0.131026
vt 0.376507 0.131026
vt 0.345619 0.090046
vt 0.376507 0.090046
vt 0.345619 0.049067
vt 0.376507 0.049067
vt 0.345619 0.008088
vt 0.376507 0.008088
vt 0.314731 0.131026
vt 0.314731 0.090046
vt 0.314731 0.049067
vt 0.314731 0.008088
vt 0.283843 0.131026
vt 0.283843 0.090046
vt 0.283843 0.049067
vt 0.283843 0.008088
vt 0.252955 0.131026
vt 0.252955 0.090046
vt 0.252955 0.049067
vt 0.252955 0.008088
vt 0.407396 0.131026
vt 0.438284 0.131026
vt 0.469172 0.131026
vt 0.500060 0.131026
vt 0.407396 0.090046
vt 0.438284 0.090046
vt 0.469172 0.090046
vt 0.500060 0.090046
vt 0.407396 0.049067
vt 0.438284 0.049067
vt 0.469172 0.049067
vt 0.500060 0.049067
vt 0.407396 0.008088
vt 0.438284 0.008088
vt 0.469172 0.008088
vt 0.500060 0.008088
vt 0.870416 0.500000
vt 0.839543 0.500000
vt 0.839543 0.458981
vt 0.870416 0.458981
vt 0.839543 0.417961
vt 0.870416 0.417961
vt 0.839543 0.376942
vt 0.870416 0.376942
vt 0.839543 0.335922
vt 0.870416 0.335922
vt 0.808669 0.500000
vt 0.808669 0.458981
vt 0.808670 0.417961
vt 0.808670 0.376942
vt 0.808670 0.335922
vt 0.777796 0.500000
vt 0.777796 0.458981
vt 0.777796 0.417961
vt 0.777796 0.376942
vt 0.777796 0.335922
vt 0.746923 0.500000
vt 0.746923 0.458981
vt 0.746923 0.417961
vt 0.746923 0.376942
vt 0.746923 0.335922
vt 0.901290 0.458981
vt 0.901290 0.500000
vt 0.932163 0.458981
vt 0.932163 0.500000
vt 0.963036 0.458981
vt 0.963036 0.500000
vt 0.993910 0.458981
vt 0.993910 0.500000
vt 0.901290 0.417961
vt 0.932163 0.417961
vt 0.963036 0.417961
vt 0.993910 0.417961
vt 0.901290 0.376942
vt 0.932163 0.376942
vt 0.963036 0.376942
vt 0.993910 0.376942
vt 0.901290 0.335922
vt 0.932163 0.335922
vt 0.963036 0.335922
vt 0.993910 0.335922
vt 0.901290 0.541019
vt 0.870416 0.541019
vt 0.901290 0.582039
vt 0.870416 0.582039
vt 0.901290 0.623058
vt 0.870416 0.623058
vt 0.901290 0.664078
vt 0.870416 0.664078
vt 0.932163 0.541019
vt 0.932163 0.582039
vt 0.932163 0.623058
vt 0.932163 0.664078
vt 0.963036 0.541019
vt 0.963036 0.582039
vt 0.963036 0.623058
vt 0.963036 0.664078
vt 0.993910 0.541019
vt 0.993910 0.582039
vt 0.993910 0.623058
vt 0.993910 0.664078
vt 0.839543 0.541019
vt 0.808669 0.541019
vt 0.777796 0.541019
vt 0.746923 0.541019
vt 0.839543 0.582039
vt 0.808669 0.582039
vt 0.777796 0.582039
vt 0.746923 0.582039
vt 0.839543 0.623058
vt 0.808669 0.623058
vt 0.777796 0.623058
vt 0.746923 0.623058
vt 0.839543 0.664078
vt 0.808670 0.664078
vt 0.777796 0.664078
vt 0.746923 0.664078
vt 0.623492 0.500000
vt 0.623492 0.541019
vt 0.592634 0.541019
vt 0.592634 0.500000
vt 0.561776 0.541019
vt 0.561776 0.500000
vt 0.530918 0.541019
vt 0.530918 0.500000
vt 0.623492 0.582039
vt 0.592634 0.582039
vt 0.561776 0.582039
vt 0.530918 0.582039
vt 0.623492 0.623058
vt 0.592634 0.623058
vt 0.561776 0.623058
vt 0.530918 0.623058
vt 0.623492 0.664078
vt 0.592634 0.664078
vt 0.561776 0.664078
vt 0.530918 0.664078
vt 0.592634 0.458981
vt 0.623492 0.458981
vt 0.592634 0.417961
vt 0.623492 0.417961
vt 0.592634 0.376942
vt 0.623492 0.376942
vt 0.592634 0.335922
vt 0.623492 0.335922
vt 0.561776 0.458981
vt 0.561776 0.417961
vt 0.561776 0.376942
vt 0.561776 0.335922
vt 0.530918 0.458981
vt 0.530918 0.417961
vt 0.530918 0.376942
vt 0.530918 0.335922
vt 0.654349 0.458981
vt 0.654349 0.500000
vt 0.685207 0.458981
vt 0.685207 0.500000
vt 0.716065 0.458981
vt 0.716065 0.500000
vt 0.654349 0.417961
vt 0.685207 0.417961
vt 0.716065 0.417961
vt 0.654349 0.376942
vt 0.685207 0.376942
vt 0.716065 0.376942
vt 0.654349 0.335922
vt 0.685207 0.335922
vt 0.716065 0.335922
vt 0.654349 0.541019
vt 0.654349 0.582039
vt 0.654349 0.623058
vt 0.654349 0.664078
vt 0.685207 0.541019
vt 0.685207 0.582039
vt 0.685207 0.623058
vt 0.685207 0.664078
vt 0.716065 0.541019
vt 0.716065 0.582039
vt 0.716065 0.623058
vt 0.716065 0.664078
vt 0.129522 0.500000
vt 0.129522 0.458981
vt 0.160380 0.458981
vt 0.160381 0.500000
vt 0.191239 0.458981
vt 0.191239 0.500000
vt 0.222097 0.458981
vt 0.222097 0.500000
vt 0.129522 0.417961
vt 0.160380 0.417961
vt 0.191239 0.417961
vt 0.222097 0.417961
vt 0.129522 0.376942
vt 0.160380 0.376942
vt 0.191239 0.376942
vt 0.222097 0.376942
vt 0.129522 0.335922
vt 0.160380 0.335922
vt 0.191239 0.335922
vt 0.222097 0.335922
vt 0.160380 0.541019
vt 0.129522 0.541019
vt 0.160380 0.582039
vt 0.129522 0.582039
vt 0.160380 0.623058
vt 0.129522 0.623058
vt 0.160380 0.664078
vt 0.129522 0.664078
vt 0.191239 0.541019
vt 0.191239 0.582039
vt 0.191239 0.623058
vt 0.191239 0.664078
vt 0.222097 0.541019
vt 0.222097 0.582039
vt 0.222097 0.623058
vt 0.222097 0.664078
vt 0.098664 0.541019
vt 0.098664 0.500000
vt 0.067806 0.541019
vt 0.067806 0.500000
vt 0.036948 0.541019
vt 0.036948 0.500000
vt 0.006090 0.541019
vt 0.006090 0.500000
vt 0.098664 0.582039
vt 0.067806 0.582039
vt 0.036948 0.582039
vt 0.006090 0.582039
vt 0.098664 0.623058
vt 0.067806 0.623058
vt 0.036948 0.623058
vt 0.006090 0.623058
vt 0.098664 0.664078
vt 0.067806 0.664078
vt 0.036948 0.664078
vt 0.006090 0.664078
vt 0.098664 0.458981
vt 0.098664 0.417961
vt 0.098664 0.376942
vt 0.098664 0.335922
vt 0.067806 0.458981
vt 0.067806 0.417961
vt 0.067806 0.376942
vt 0.067806 0.335922
vt 0.036948 0.458981
vt 0.036948 0.417961
vt 0.036948 0.376942
vt 0.036948 0.335922
vt 0.006090 0.458981
vt 0.006090 0.417961
vt 0.006090 0.376942
vt 0.006090 0.335922
vn 0.4897 -0.8503 -0.1927
vn 0.3175 -0.9058 -0.2804
vn 0.3743 -0.8138 -0.4445
vn 0.5440 -0.7573 -0.3613
vn 0.4137 -0.6925 -0.5910
vn 0.5763 -0.6356 -0.5136
vn 0.4314 -0.5494 -0.7156
vn 0.5861 -0.4924 -0.6434
vn 0.4235 -0.3912 -0.8171
vn 0.5743 -0.3332 -0.7478
vn 0.1344 -0.9247 -0.3561
vn 0.1926 -0.8369 -0.5123
vn 0.2395 -0.7218 -0.6494
vn 0.2682 -0.5858 -0.7648
vn 0.2668 -0.4354 -0.8598
vn -0.0503 -0.9077 -0.4167
vn 0.0084 -0.8251 -0.5650
vn 0.0628 -0.7196 -0.6916
vn 0.1080 -0.6006 -0.7922
vn 0.1196 -0.4646 -0.8774
vn -0.2304 -0.8570 -0.4608
vn -0.1705 -0.7776 -0.6052
vn -0.1083 -0.6792 -0.7259
vn -0.0500 -0.5748 -0.8168
vn -0.0017 -0.4805 -0.8770
vn 0.6923 -0.6714 -0.2645
vn 0.6418 -0.7607 -0.0973
vn 0.8128 -0.5597 -0.1613
vn 0.7664 -0.6424 0.0005
vn 0.9025 -0.4266 -0.0597
vn 0.8593 -0.5024 0.0960
vn 0.9609 -0.2750 0.0332
vn 0.9193 -0.3465 0.1866
vn 0.7181 -0.5563 -0.4181
vn 0.8327 -0.4569 -0.3129
vn 0.9178 -0.3387 -0.2073
vn 0.9733 -0.1989 -0.1143
vn 0.7216 -0.4199 -0.5504
vn 0.8302 -0.3354 -0.4453
vn 0.9090 -0.2443 -0.3377
vn 0.9616 -0.1259 -0.2439
vn 0.7071 -0.2651 -0.6556
vn 0.8135 -0.1925 -0.5488
vn 0.8894 -0.1230 -0.4402
vn 0.9364 -0.0647 -0.3451
vn 0.5668 -0.8206 0.0738
vn 0.4157 -0.9093 -0.0162
vn 0.4731 -0.8472 0.2418
vn 0.3262 -0.9319 0.1589
vn 0.3682 -0.8389 0.4009
vn 0.2260 -0.9185 0.3246
vn 0.2596 -0.7949 0.5485
vn 0.1188 -0.8714 0.4760
vn 0.6930 -0.7025 0.1624
vn 0.5989 -0.7349 0.3180
vn 0.4929 -0.7359 0.4642
vn 0.3865 -0.6988 0.6019
vn 0.7885 -0.5625 0.2488
vn 0.6969 -0.6018 0.3901
vn 0.5938 -0.6192 0.5138
vn 0.4909 -0.5961 0.6354
vn 0.8498 -0.4075 0.3344
vn 0.7589 -0.4543 0.4665
vn 0.6593 -0.4856 0.5741
vn 0.5674 -0.5030 0.6519
vn 0.2481 -0.9630 -0.1055
vn 0.0715 -0.9797 -0.1873
vn -0.1071 -0.9610 -0.2549
vn -0.2833 -0.9101 -0.3023
vn 0.1674 -0.9834 0.0702
vn 0.0036 -0.9999 -0.0162
vn -0.1609 -0.9827 -0.0914
vn -0.3256 -0.9348 -0.1422
vn 0.0764 -0.9684 0.2373
vn -0.0718 -0.9864 0.1475
vn -0.2106 -0.9756 0.0628
vn -0.3558 -0.9346 0.0048
vn -0.0257 -0.9210 0.3887
vn -0.1631 -0.9418 0.2939
vn -0.2824 -0.9378 0.2019
vn -0.3744 -0.9189 0.1240
vn -0.3229 -0.3804 0.8666
vn -0.4792 -0.4442 0.7570
vn -0.3740 -0.6028 0.7048
vn -0.2184 -0.5431 0.8108
vn -0.2579 -0.7374 0.6243
vn -0.1065 -0.6822 0.7234
vn -0.1392 -0.8438 0.5183
vn 0.0072 -0.7923 0.6101
vn -0.6143 -0.4895 0.6189
vn -0.5117 -0.6410 0.5721
vn -0.3954 -0.7683 0.5033
vn -0.2750 -0.8686 0.4121
vn -0.7230 -0.5152 0.4604
vn -0.6241 -0.6595 0.4189
vn -0.5103 -0.7791 0.3640
vn -0.3919 -0.8700 0.2992
vn -0.8033 -0.5215 0.2875
vn -0.7062 -0.6626 0.2497
vn -0.5927 -0.7785 0.2063
vn -0.4766 -0.8640 0.1623
vn -0.0540 -0.4623 0.8851
vn -0.1533 -0.3011 0.9412
vn 0.1122 -0.3669 0.9235
vn 0.0204 -0.2106 0.9774
vn 0.2743 -0.2647 0.9245
vn 0.1897 -0.1140 0.9752
vn 0.4294 -0.1633 0.8882
vn 0.3493 -0.0147 0.9369
vn 0.0488 -0.6026 0.7966
vn 0.2017 -0.5057 0.8388
vn 0.3494 -0.4009 0.8469
vn 0.4936 -0.3004 0.8162
vn 0.1531 -0.7150 0.6822
vn 0.2907 -0.6193 0.7294
vn 0.4135 -0.5150 0.7508
vn 0.5393 -0.4161 0.7321
vn -0.2464 -0.1280 0.9607
vn -0.4143 -0.2024 0.8874
vn -0.3264 0.0491 0.9439
vn -0.4880 -0.0187 0.8726
vn -0.3872 0.2234 0.8945
vn -0.5415 0.1616 0.8250
vn -0.4235 0.3912 0.8171
vn -0.5743 0.3332 0.7478
vn -0.0722 -0.0468 0.9963
vn -0.1573 0.1176 0.9805
vn -0.2264 0.2783 0.9334
vn -0.2668 0.4354 0.8598
vn 0.0986 0.0404 0.9943
vn 0.0095 0.1895 0.9818
vn -0.0706 0.3256 0.9429
vn -0.1196 0.4646 0.8774
vn 0.2583 0.1345 0.9567
vn 0.1637 0.2734 0.9479
vn 0.0750 0.3913 0.9172
vn 0.0017 0.4805 0.8770
vn -0.5658 -0.2685 0.7796
vn -0.6949 -0.3208 0.6436
vn -0.7982 -0.3544 0.4871
vn -0.8757 -0.3647 0.3164
vn -0.6319 -0.0857 0.7703
vn -0.7522 -0.1449 0.6428
vn -0.8475 -0.1886 0.4961
vn -0.9197 -0.2046 0.3350
vn -0.6780 0.0946 0.7290
vn -0.7893 0.0291 0.6133
vn -0.8726 -0.0291 0.4876
vn -0.9374 -0.0564 0.3437
vn -0.7071 0.2651 0.6556
vn -0.8135 0.1925 0.5488
vn -0.8894 0.1230 0.4402
vn -0.9364 0.0647 0.3451
vn -0.4897 0.8503 0.1927
vn -0.6418 0.7607 0.0973
vn -0.6923 0.6714 0.2645
vn -0.5440 0.7573 0.3613
vn -0.7181 0.5563 0.4181
vn -0.5763 0.6356 0.5136
vn -0.7216 0.4199 0.5504
vn -0.5861 0.4924 0.6434
vn -0.7664 0.6424 -0.0005
vn -0.8128 0.5597 0.1613
vn -0.8327 0.4569 0.3129
vn -0.8302 0.3354 0.4453
vn -0.8593 0.5024 -0.0960
vn -0.9025 0.4266 0.0597
vn -0.9178 0.3387 0.2073
vn -0.9090 0.2443 0.3377
vn -0.9193 0.3465 -0.1866
vn -0.9609 0.2750 -0.0332
vn -0.9733 0.1989 0.1143
vn -0.9616 0.1259 0.2439
vn -0.3743 0.8138 0.4446
vn -0.3175 0.9058 0.2804
vn -0.1926 0.8369 0.5123
vn -0.1344 0.9247 0.3561
vn -0.0084 0.8251 0.5650
vn 0.0503 0.9077 0.4167
vn 0.1705 0.7776 0.6052
vn 0.2304 0.8570 0.4608
vn -0.4137 0.6925 0.5910
vn -0.2395 0.7218 0.6494
vn -0.0628 0.7196 0.6916
vn 0.1083 0.6792 0.7259
vn -0.4314 0.5494 0.7156
vn -0.2682 0.5858 0.7648
vn -0.1080 0.6006 0.7922
vn 0.0500 0.5748 0.8168
vn -0.2481 0.9630 0.1055
vn -0.4157 0.9093 0.0162
vn -0.1674 0.9834 -0.0702
vn -0.3262 0.9319 -0.1589
vn -0.0764 0.9684 -0.2373
vn -0.2260 0.9185 -0.3246
vn 0.0257 0.9210 -0.3887
vn -0.1188 0.8714 -0.4760
vn -0.0715 0.9797 0.1873
vn -0.0036 0.9999 0.0162
vn 0.0718 0.9864 -0.1475
vn 0.1631 0.9418 -0.2939
vn 0.1071 0.9610 0.2549
vn 0.1609 0.9827 0.0914
vn 0.2106 0.9756 -0.0628
vn 0.2824 0.9378 -0.2019
vn 0.2833 0.9101 0.3023
vn 0.3256 0.9348 0.1422
vn 0.3558 0.9346 -0.0048
vn 0.3744 0.9189 -0.1240
vn -0.5667 0.8206 -0.0738
vn -0.6930 0.7025 -0.1624
vn -0.7885 0.5625 -0.2488
vn -0.8498 0.4075 -0.3344
vn -0.4731 0.8472 -0.2418
vn -0.5989 0.7349 -0.3180
vn -0.6969 0.6018 -0.3901
vn -0.7589 0.4543 -0.4665
vn -0.3682 0.8389 -0.4009
vn -0.4929 0.7359 -0.4642
vn -0.5938 0.6192 -0.5138
vn -0.6593 0.4856 -0.5741
vn -0.2596 0.7949 -0.5485
vn -0.3865 0.6988 -0.6019
vn -0.4909 0.5961 -0.6354
vn -0.5674 0.5030 -0.6519
vn 0.3229 0.3804 -0.8666
vn 0.1533 0.3011 -0.9412
vn 0.0540 0.4623 -0.8851
vn 0.2184 0.5431 -0.8108
vn -0.0488 0.6026 -0.7966
vn 0.1065 0.6822 -0.7234
vn -0.1531 0.7150 -0.6822
vn -0.0072 0.7923 -0.6101
vn -0.0204 0.2106 -0.9774
vn -0.1122 0.3669 -0.9235
vn -0.2017 0.5057 -0.8388
vn -0.2907 0.6193 -0.7294
vn -0.1897 0.1140 -0.9752
vn -0.2743 0.2647 -0.9245
vn -0.3494 0.4009 -0.8469
vn -0.4135 0.5150 -0.7508
vn -0.3493 0.0147 -0.9369
vn -0.4294 0.1633 -0.8882
vn -0.4936 0.3004 -0.8162
vn -0.5393 0.4161 -0.7321
vn 0.3740 0.6028 -0.7048
vn 0.4792 0.4442 -0.7570
vn 0.5117 0.6410 -0.5721
vn 0.6143 0.4895 -0.6189
vn 0.6241 0.6595 -0.4189
vn 0.7230 0.5152 -0.4604
vn 0.7062 0.6626 -0.2497
vn 0.8033 0.5215 -0.2875
vn 0.2579 0.7374 -0.6243
vn 0.3954 0.7683 -0.5033
vn 0.5103 0.7791 -0.3640
vn 0.5927 0.7785 -0.2063
vn 0.1392 0.8438 -0.5183
vn 0.2750 0.8686 -0.4121
vn 0.3919 0.8700 -0.2992
vn 0.4766 0.8640 -0.1623
vn 0.5658 0.2685 -0.7796
vn 0.4143 0.2024 -0.8874
vn 0.6319 0.0857 -0.7703
vn 0.4880 0.0187 -0.8726
vn 0.6780 -0.0946 -0.7290
vn 0.5415 -0.1616 -0.8250
vn 0.6949 0.3208 -0.6436
vn 0.7522 0.1449 -0.6428
vn 0.7893 -0.0291 -0.6133
vn 0.7982 0.3544 -0.4871
vn 0.8475 0.1886 -0.4961
vn 0.8726 0.0291 -0.4876
vn 0.8757 0.3647 -0.3164
vn 0.9197 0.2046 -0.3350
vn 0.9374 0.0564 -0.3437
vn 0.2464 0.1280 -0.9607
vn 0.0722 0.0468 -0.9963
vn -0.0986 -0.0404 -0.9943
vn -0.2583 -0.1345 -0.9567
vn 0.3264 -0.0491 -0.9439
vn 0.1573 -0.1176 -0.9805
vn -0.0095 -0.1895 -0.9818
vn -0.1637 -0.2734 -0.9479
vn 0.3872 -0.2234 -0.8945
vn 0.2264 -0.2783 -0.9334
vn 0.0706 -0.3256 -0.9429
vn -0.0750 -0.3913 -0.9172
vn -0.8141 -0.3584 -0.4570
vn -0.7008 -0.5214 -0.4868
vn -0.7499 -0.5855 -0.3079
vn -0.8615 -0.4266 -0.2753
vn -0.7682 -0.6289 -0.1198
vn -0.8746 -0.4773 -0.0850
vn -0.7540 -0.6533 0.0683
vn -0.8544 -0.5089 0.1045
vn -0.5608 -0.6621 -0.4970
vn -0.6112 -0.7214 -0.3257
vn -0.6367 -0.7572 -0.1462
vn -0.6331 -0.7734 0.0334
vn -0.4020 -0.7748 -0.4879
vn -0.4533 -0.8300 -0.3250
vn -0.4870 -0.8591 -0.1575
vn -0.5018 -0.8650 0.0036
vn -0.9396 -0.2517 -0.2318
vn -0.8944 -0.1813 -0.4089
vn -0.9816 -0.0706 -0.1775
vn -0.9384 0.0004 -0.3455
vn -0.9879 0.1073 -0.1119
vn -0.9462 0.1780 -0.2704
vn -0.9498 -0.3091 -0.0474
vn -0.9909 -0.1344 -0.0052
vn -0.9982 0.0378 0.0455
vn -0.9273 -0.3484 0.1370
vn -0.9689 -0.1832 0.1663
vn -0.9809 -0.0245 0.1931
vn -0.8148 -0.1036 -0.5705
vn -0.7340 -0.2757 -0.6207
vn -0.7060 -0.0200 -0.7079
vn -0.6258 -0.1830 -0.7582
vn -0.5753 0.0686 -0.8151
vn -0.4958 -0.0851 -0.8642
vn -0.8622 0.0714 -0.5015
vn -0.7580 0.1423 -0.6365
vn -0.6327 0.2159 -0.7437
vn -0.8742 0.2429 -0.4205
vn -0.7778 0.3003 -0.5521
vn -0.6662 0.3495 -0.6588
vn -0.6244 -0.4373 -0.6472
vn -0.4906 -0.5793 -0.6509
vn -0.3380 -0.6944 -0.6352
vn -0.5232 -0.3397 -0.7816
vn -0.4016 -0.4803 -0.7797
vn -0.2638 -0.5966 -0.7580
vn -0.4004 -0.2363 -0.8853
vn -0.2942 -0.3742 -0.8795
vn -0.1838 -0.4908 -0.8517
vn 0.8141 0.3584 0.4570
vn 0.7008 0.5214 0.4868
vn 0.6244 0.4373 0.6472
vn 0.7340 0.2757 0.6207
vn 0.5232 0.3397 0.7816
vn 0.6258 0.1830 0.7582
vn 0.4004 0.2363 0.8853
vn 0.4958 0.0851 0.8642
vn 0.5608 0.6621 0.4970
vn 0.4906 0.5793 0.6509
vn 0.4016 0.4803 0.7797
vn 0.2942 0.3742 0.8795
vn 0.4020 0.7748 0.4879
vn 0.3380 0.6944 0.6352
vn 0.2638 0.5965 0.7580
vn 0.1838 0.4908 0.8517
vn 0.8148 0.1036 0.5705
vn 0.8944 0.1813 0.4089
vn 0.8622 -0.0714 0.5015
vn 0.9384 -0.0004 0.3454
vn 0.8742 -0.2429 0.4205
vn 0.9462 -0.1780 0.2703
vn 0.7060 0.0200 0.7079
vn 0.7580 -0.1423 0.6365
vn 0.7778 -0.3003 0.5521
vn 0.5753 -0.0686 0.8151
vn 0.6327 -0.2159 0.7437
vn 0.6662 -0.3495 0.6588
vn 0.9396 0.2517 0.2318
vn 0.8615 0.4266 0.2753
vn 0.9498 0.3091 0.0474
vn 0.8746 0.4773 0.0850
vn 0.9273 0.3484 -0.1370
vn 0.8544 0.5089 -0.1045
vn 0.9816 0.0706 0.1775
vn 0.9909 0.1344 0.0052
vn 0.9689 0.1832 -0.1663
vn 0.9879 -0.1073 0.1119
vn 0.9982 -0.0378 -0.0455
vn 0.9809 0.0245 -0.1931
vn 0.7499 0.5855 0.3079
vn 0.6112 0.7214 0.3257
vn 0.4533 0.8300 0.3250
vn 0.7682 0.6289 0.1198
vn 0.6367 0.7572 0.1462
vn 0.4870 0.8591 0.1575
vn 0.7540 0.6533 -0.0683
vn 0.6331 0.7734 -0.0334
vn 0.5018 0.8650 -0.0036
usemtl Moon.003
s 1
f 1/1/1 2/2/2 3/3/3 4/4/4
f 4/4/4 3/3/3 5/5/5 6/6/6
f 6/6/6 5/5/5 7/7/7 8/8/8
f 8/8/8 7/7/7 9/9/9 10/10/10
f 2/2/2 11/11/11 12/12/12 3/3/3
f 3/3/3 12/12/12 13/13/13 5/5/5
f 5/5/5 13/13/13 14/14/14 7/7/7
f 7/7/7 14/14/14 15/15/15 9/9/9
f 11/11/11 16/16/16 17/17/17 12/12/12
f 12/12/12 17/17/17 18/18/18 13/13/13
f 13/13/13 18/18/18 19/19/19 14/14/14
f 14/14/14 19/19/19 20/20/20 15/15/15
f 16/16/16 21/21/21 22/22/22 17/17/17
f 17/17/17 22/22/22 23/23/23 18/18/18
f 18/18/18 23/23/23 24/24/24 19/19/19
f 19/19/19 24/24/24 25/25/25 20/20/20
f 1/1/1 4/4/4 26/26/26 27/27/27
f 27/27/27 26/26/26 28/28/28 29/29/29
f 29/29/29 28/28/28 30/30/30 31/31/31
f 31/31/31 30/30/30 32/32/32 33/33/33
f 4/4/4 6/6/6 34/34/34 26/26/26
f 26/26/26 34/34/34 35/35/35 28/28/28
f 28/28/28 35/35/35 36/36/36 30/30/30
f 30/30/30 36/36/36 37/37/37 32/32/32
f 6/6/6 8/8/8 38/38/38 34/34/34
f 34/34/34 38/38/38 39/39/39 35/35/35
f 35/35/35 39/39/39 40/40/40 36/36/36
f 36/36/36 40/40/40 41/41/41 37/37/37
f 8/8/8 10/10/10 42/42/42 38/38/38
f 38/38/38 42/42/42 43/43/43 39/39/39
f 39/39/39 43/43/43 44/44/44 40/40/40
f 40/40/40 44/44/44 45/45/45 41/41/41
f 1/1/1 27/27/27 46/46/46 47/47/47
f 47/47/47 46/46/46 48/48/48 49/49/49
f 49/49/49 48/48/48 50/50/50 51/51/51
f 51/51/51 50/50/50 52/52/52 53/53/53
f 27/27/27 29/29/29 54/54/54 46/46/46
f 46/46/46 54/54/54 55/55/55 48/48/48
f 48/48/48 55/55/55 56/56/56 50/50/50
f 50/50/50 56/56/56 57/57/57 52/52/52
f 29/29/29 31/31/31 58/58/58 54/54/54
f 54/54/54 58/58/58 59/59/59 55/55/55
f 55/55/55 59/59/59 60/60/60 56/56/56
f 56/56/56 60/60/60 61/61/61 57/57/57
f 31/31/31 33/33/33 62/62/62 58/58/58
f 58/58/58 62/62/62 63/63/63 59/59/59
f 59/59/59 63/63/63 64/64/64 60/60/60
f 60/60/60 64/64/64 65/65/65 61/61/61
f 1/1/1 47/47/47 66/66/66 2/2/2
f 2/2/2 66/66/66 67/67/67 11/11/11
f 11/11/11 67/67/67 68/68/68 16/16/16
f 16/16/16 68/68/68 69/69/69 21/21/21
f 47/47/47 49/49/49 70/70/70 66/66/66
f 66/66/66 70/70/70 71/71/71 67/67/67
f 67/67/67 71/71/71 72/72/72 68/68/68
f 68/68/68 72/72/72 73/73/73 69/69/69
f 49/49/49 51/51/51 74/74/74 70/70/70
f 70/70/70 74/74/74 75/75/75 71/71/71
f 71/71/71 75/75/75 76/76/76 72/72/72
f 72/72/72 76/76/76 77/77/77 73/73/73
f 51/51/51 53/53/53 78/78/78 74/74/74
f 74/74/74 78/78/78 79/79/79 75/75/75
f 75/75/75 79/79/79 80/80/80 76/76/76
f 76/76/76 80/80/80 81/81/81 77/77/77
f 82/82/82 83/83/83 84/84/84 85/85/85
f 85/85/85 84/84/84 86/86/86 87/87/87
f 87/87/87 86/86/86 88/88/88 89/89/89
f 89/89/89 88/88/88 78/78/78 53/53/53
f 83/83/83 90/90/90 91/91/91 84/84/84
f 84/84/84 91/91/91 92/92/92 86/86/86
f 86/86/86 92/92/92 93/93/93 88/88/88
f 88/88/88 93/93/93 79/79/79 78/78/78
f 90/90/90 94/94/94 95/95/95 91/91/91
f 91/91/91 95/95/95 96/96/96 92/92/92
f 92/92/92 96/96/96 97/97/97 93/93/93
f 93/93/93 97/97/97 80/80/80 79/79/79
f 94/94/94 98/98/98 99/99/99 95/95/95
f 95/95/95 99/99/99 100/100/100 96/96/96
f 96/96/96 100/100/100 101/101/101 97/97/97
f 97/97/97 101/101/101 81/81/81 80/80/80
f 82/82/82 85/85/85 102/102/102 103/103/103
f 103/103/103 102/102/102 104/104/104 105/105/105
f 105/105/105 104/104/104 106/106/106 107/107/107
f 107/107/107 106/106/106 108/108/108 109/109/109
f 85/85/85 87/87/87 110/110/110 102/102/102
f 102/102/102 110/110/110 111/111/111 104/104/104
f 104/104/104 111/111/111 112/112/112 106/106/106
f 106/106/106 112/112/112 113/113/113 108/108/108
f 87/87/87 89/89/89 114/114/114 110/110/110
f 110/110/110 114/114/114 115/115/115 111/111/111
f 111/111/111 115/115/115 116/116/116 112/112/112
f 112/112/112 116/116/116 117/117/117 113/113/113
f 89/89/89 53/53/53 52/52/52 114/114/114
f 114/114/114 52/52/52 57/57/57 115/115/115
f 115/115/115 57/57/57 61/61/61 116/116/116
f 116/116/116 61/61/61 65/65/65 117/117/117
f 82/82/82 103/103/103 118/118/118 119/119/119
f 119/119/119 118/118/118 120/120/120 121/121/121
f 121/121/121 120/120/120 122/122/122 123/123/123
f 123/123/123 122/122/122 124/124/124 125/125/125
f 103/103/103 105/105/105 126/126/126 118/118/118
f 118/118/118 126/126/126 127/127/127 120/120/120
f 120/120/120 127/127/127 128/128/128 122/122/122
f 122/122/122 128/128/128 129/129/129 124/124/124
f 105/105/105 107/107/107 130/130/130 126/126/126
f 126/126/126 130/130/130 131/131/131 127/127/127
f 127/127/127 131/131/131 132/132/132 128/128/128
f 128/128/128 132/132/132 133/133/133 129/129/129
f 107/107/107 109/109/109 134/134/134 130/130/130
f 130/130/130 134/134/134 135/135/135 131/131/131
f 131/131/131 135/135/135 136/136/136 132/132/132
f 132/132/132 136/136/136 137/137/137 133/133/133
f 82/82/82 119/119/119 138/138/138 83/83/83
f 83/83/83 138/138/138 139/139/139 90/90/90
f 90/90/90 139/139/139 140/140/140 94/94/94
f 94/94/94 140/140/140 141/141/141 98/98/98
f 119/119/119 121/121/121 142/142/142 138/138/138
f 138/138/138 142/142/142 143/143/143 139/139/139
f 139/139/139 143/143/143 144/144/144 140/140/140
f 140/140/140 144/144/144 145/145/145 141/141/141
f 121/121/121 123/123/123 146/146/146 142/142/142
f 142/142/142 146/146/146 147/147/147 143/143/143
f 143/143/143 147/147/147 148/148/148 144/144/144
f 144/144/144 148/148/148 149/149/149 145/145/145
f 123/123/123 125/125/125 150/150/150 146/146/146
f 146/146/146 150/150/150 151/151/151 147/147/147
f 147/147/147 151/151/151 152/152/152 148/148/148
f 148/148/148 152/152/152 153/153/153 149/149/149
f 154/154/154 155/155/155 156/156/156 157/157/157
f 157/157/157 156/156/156 158/158/158 159/159/159
f 159/159/159 158/158/158 160/160/160 161/161/161
f 161/161/161 160/160/160 150/150/150 125/125/125
f 155/155/155 162/162/162 163/163/163 156/156/156
f 156/156/156 163/163/163 164/164/164 158/158/158
f 158/158/158 164/164/164 165/165/165 160/160/160
f 160/160/160 165/165/165 151/151/151 150/150/150
f 162/162/162 166/166/166 167/167/167 163/163/163
f 163/163/163 167/167/167 168/168/168 164/164/164
f 164/164/164 168/168/168 169/169/169 165/165/165
f 165/165/165 169/169/169 152/152/152 151/151/151
f 166/166/166 170/170/170 171/171/171 167/167/167
f 167/167/167 171/171/171 172/172/172 168/168/168
f 168/168/168 172/172/172 173/173/173 169/169/169
f 169/169/169 173/173/173 153/153/153 152/152/152
f 154/154/154 157/157/157 174/174/174 175/175/175
f 175/175/175 174/174/174 176/176/176 177/177/177
f 177/177/177 176/176/176 178/178/178 179/179/179
f 179/179/179 178/178/178 180/180/180 181/181/181
f 157/157/157 159/159/159 182/182/182 174/174/174
f 174/174/174 182/182/182 183/183/183 176/176/176
f 176/176/176 183/183/183 184/184/184 178/178/178
f 178/178/178 184/184/184 185/185/185 180/180/180
f 159/159/159 161/161/161 186/186/186 182/182/182
f 182/182/182 186/186/186 187/187/187 183/183/183
f 183/183/183 187/187/187 188/188/188 184/184/184
f 184/184/184 188/188/188 189/189/189 185/185/185
f 161/161/161 125/125/125 124/124/124 186/186/186
f 186/186/186 124/124/124 129/129/129 187/187/187
f 187/187/187 129/129/129 133/133/133 188/188/188
f 188/188/188 133/133/133 137/137/137 189/189/189
f 154/154/154 175/175/175 190/190/190 191/191/191
f 191/191/191 190/190/190 192/192/192 193/193/193
f 193/193/193 192/192/192 194/194/194 195/195/195
f 195/195/195 194/194/194 196/196/196 197/197/197
f 175/175/175 177/177/177 198/198/198 190/190/190
f 190/190/190 198/198/198 199/199/199 192/192/192
f 192/192/192 199/199/199 200/200/200 194/194/194
f 194/194/194 200/200/200 201/201/201 196/196/196
f 177/177/177 179/179/179 202/202/202 198/198/198
f 198/198/198 202/202/202 203/203/203 199/199/199
f 199/199/199 203/203/203 204/204/204 200/200/200
f 200/200/200 204/204/204 205/205/205 201/201/201
f 179/179/179 181/181/181 206/206/206 202/202/202
f 202/202/202 206/206/206 207/207/207 203/203/203
f 203/203/203 207/207/207 208/208/208 204/204/204
f 204/204/204 208/208/208 209/209/209 205/205/205
f 154/154/154 191/191/191 210/210/210 155/155/155
f 155/155/155 210/210/210 211/211/211 162/162/162
f 162/162/162 211/211/211 212/212/212 166/166/166
f 166/166/166 212/212/212 213/213/213 170/170/170
f 191/191/191 193/193/193 214/214/214 210/210/210
f 210/210/210 214/214/214 215/215/215 211/211/211
f 211/211/211 215/215/215 216/216/216 212/212/212
f 212/212/212 216/216/216 217/217/217 213/213/213
f 193/193/193 195/195/195 218/218/218 214/214/214
f 214/214/214 218/218/218 219/219/219 215/215/215
f 215/215/215 219/219/219 220/220/220 216/216/216
f 216/216/216 220/220/220 221/221/221 217/217/217
f 195/195/195 197/197/197 222/222/222 218/218/218
f 218/218/218 222/222/222 223/223/223 219/219/219
f 219/219/219 223/223/223 224/224/224 220/220/220
f 220/220/220 224/224/224 225/225/225 221/221/221
f 226/226/226 227/227/227 228/228/228 229/229/229
f 229/229/229 228/228/228 230/230/230 231/231/231
f 231/231/231 230/230/230 232/232/232 233/233/233
f 233/233/233 232/232/232 222/234/222 197/235/197
f 227/227/227 234/236/234 235/237/235 228/228/228
f 228/228/228 235/237/235 236/238/236 230/230/230
f 230/230/230 236/238/236 237/239/237 232/232/232
f 232/232/232 237/239/237 223/240/223 222/234/222
f 234/236/234 238/241/238 239/242/239 235/237/235
f 235/237/235 239/242/239 240/243/240 236/238/236
f 236/238/236 240/243/240 241/244/241 237/239/237
f 237/239/237 241/244/241 224/245/224 223/240/223
f 238/241/238 242/246/242 243/247/243 239/242/239
f 239/242/239 243/247/243 244/248/244 240/243/240
f 240/243/240 244/248/244 245/249/245 241/244/241
f 241/244/241 245/249/245 225/250/225 224/245/224
f 226/226/226 229/229/229 246/251/246 247/252/247
f 247/252/247 246/251/246 248/253/248 249/254/249
f 249/254/249 248/253/248 250/255/250 251/256/251
f 251/256/251 250/255/250 252/257/252 253/258/253
f 229/229/229 231/231/231 254/259/254 246/251/246
f 246/251/246 254/259/254 255/260/255 248/253/248
f 248/253/248 255/260/255 256/261/256 250/255/250
f 250/255/250 256/261/256 257/262/257 252/257/252
f 231/231/231 233/233/233 258/263/258 254/259/254
f 254/259/254 258/263/258 259/264/259 255/260/255
f 255/260/255 259/264/259 260/265/260 256/261/256
f 256/261/256 260/265/260 261/266/261 257/262/257
f 233/233/233 197/235/197 196/267/196 258/263/258
f 258/263/258 196/267/196 201/268/201 259/264/259
f 259/264/259 201/268/201 205/269/205 260/265/260
f 260/265/260 205/269/205 209/270/209 261/266/261
f 226/226/226 247/252/247 262/271/262 263/272/263
f 263/272/263 262/271/262 264/273/264 265/274/265
f 265/274/265 264/273/264 266/275/266 267/276/267
f 267/276/267 266/275/266 42/277/42 10/278/10
f 247/252/247 249/254/249 268/279/268 262/271/262
f 262/271/262 268/279/268 269/280/269 264/273/264
f 264/273/264 269/280/269 270/281/270 266/275/266
f 266/275/266 270/281/270 43/282/43 42/277/42
f 249/254/249 251/256/251 271/283/271 268/279/268
f 268/279/268 271/283/271 272/284/272 269/280/269
f 269/280/269 272/284/272 273/285/273 270/281/270
f 270/281/270 273/285/273 44/286/44 43/282/43
f 251/256/251 253/258/253 274/287/274 271/283/271
f 271/283/271 274/287/274 275/288/275 272/284/272
f 272/284/272 275/288/275 276/289/276 273/285/273
f 273/285/273 276/289/276 45/290/45 44/286/44
f 226/226/226 263/272/263 277/291/277 227/227/227
f 227/227/227 277/291/277 278/292/278 234/236/234
f 234/236/234 278/292/278 279/293/279 238/241/238
f 238/241/238 279/293/279 280/294/280 242/246/242
f 263/272/263 265/274/265 281/295/281 277/291/277
f 277/291/277 281/295/281 282/296/282 278/292/278
f 278/292/278 282/296/282 283/297/283 279/293/279
f 279/293/279 283/297/283 284/298/284 280/294/280
f 265/274/265 267/276/267 285/299/285 281/295/281
f 281/295/281 285/299/285 286/300/286 282/296/282
f 282/296/282 286/300/286 287/301/287 283/297/283
f 283/297/283 287/301/287 288/302/288 284/298/284
f 267/276/267 10/278/10 9/303/9 285/299/285
f 285/299/285 9/303/9 15/304/15 286/300/286
f 286/300/286 15/304/15 20/305/20 287/301/287
f 287/301/287 20/305/20 25/306/25 288/302/288
f 289/307/289 290/308/290 291/309/291 292/310/292
f 292/310/292 291/309/291 293/311/293 294/312/294
f 294/312/294 293/311/293 295/313/295 296/314/296
f 296/314/296 295/313/295 99/99/99 98/98/98
f 290/308/290 297/315/297 298/316/298 291/309/291
f 291/309/291 298/316/298 299/317/299 293/311/293
f 293/311/293 299/317/299 300/318/300 295/313/295
f 295/313/295 300/318/300 100/100/100 99/99/99
f 297/315/297 301/319/301 302/320/302 298/316/298
f 298/316/298 302/320/302 303/321/303 299/317/299
f 299/317/299 303/321/303 304/322/304 300/318/300
f 300/318/300 304/322/304 101/101/101 100/100/100
f 301/319/301 21/323/21 69/324/69 302/320/302
f 302/320/302 69/324/69 73/325/73 303/321/303
f 303/321/303 73/325/73 77/326/77 304/322/304
f 304/322/304 77/326/77 81/81/81 101/101/101
f 289/307/289 292/310/292 305/327/305 306/328/306
f 306/328/306 305/327/305 307/329/307 308/330/308
f 308/330/308 307/329/307 309/331/309 310/332/310
f 310/332/310 309/331/309 171/333/171 170/334/170
f 292/310/292 294/312/294 311/335/311 305/327/305
f 305/327/305 311/335/311 312/336/312 307/329/307
f 307/329/307 312/336/312 313/337/313 309/331/309
f 309/331/309 313/337/313 172/338/172 171/333/171
f 294/312/294 296/314/296 314/339/314 311/335/311
f 311/335/311 314/339/314 315/340/315 312/336/312
f 312/336/312 315/340/315 316/341/316 313/337/313
f 313/337/313 316/341/316 173/342/173 172/338/172
f 296/314/296 98/98/98 141/141/141 314/339/314
f 314/339/314 141/141/141 145/145/145 315/340/315
f 315/340/315 145/145/145 149/149/149 316/341/316
f 316/341/316 149/149/149 153/153/153 173/342/173
f 289/307/289 306/328/306 317/343/317 318/344/318
f 318/344/318 317/343/317 319/345/319 320/346/320
f 320/346/320 319/345/319 321/347/321 322/348/322
f 322/348/322 321/347/321 243/247/243 242/246/242
f 306/328/306 308/330/308 323/349/323 317/343/317
f 317/343/317 323/349/323 324/350/324 319/345/319
f 319/345/319 324/350/324 325/351/325 321/347/321
f 321/347/321 325/351/325 244/248/244 243/247/243
f 308/330/308 310/332/310 326/352/326 323/349/323
f 323/349/323 326/352/326 327/353/327 324/350/324
f 324/350/324 327/353/327 328/354/328 325/351/325
f 325/351/325 328/354/328 245/249/245 244/248/244
f 310/332/310 170/334/170 213/355/213 326/352/326
f 326/352/326 213/355/213 217/356/217 327/353/327
f 327/353/327 217/356/217 221/357/221 328/354/328
f 328/354/328 221/357/221 225/250/225 245/249/245
f 289/307/289 318/344/318 329/358/329 290/308/290
f 290/308/290 329/358/329 330/359/330 297/315/297
f 297/315/297 330/359/330 331/360/331 301/319/301
f 301/319/301 331/360/331 22/361/22 21/323/21
f 318/344/318 320/346/320 332/362/332 329/358/329
f 329/358/329 332/362/332 333/363/333 330/359/330
f 330/359/330 333/363/333 334/364/334 331/360/331
f 331/360/331 334/364/334 23/365/23 22/361/22
f 320/346/320 322/348/322 335/366/335 332/362/332
f 332/362/332 335/366/335 336/367/336 333/363/333
f 333/363/333 336/367/336 337/368/337 334/364/334
f 334/364/334 337/368/337 24/369/24 23/365/23
f 322/348/322 242/246/242 280/294/280 335/366/335
f 335/366/335 280/294/280 284/298/284 336/367/336
f 336/367/336 284/298/284 288/302/288 337/368/337
f 337/368/337 288/302/288 25/306/25 24/369/24
f 338/370/338 339/371/339 340/372/340 341/373/341
f 341/373/341 340/372/340 342/374/342 343/375/343
f 343/375/343 342/374/342 344/376/344 345/377/345
f 345/377/345 344/376/344 134/134/134 109/109/109
f 339/371/339 346/378/346 347/379/347 340/372/340
f 340/372/340 347/379/347 348/380/348 342/374/342
f 342/374/342 348/380/348 349/381/349 344/376/344
f 344/376/344 349/381/349 135/135/135 134/134/134
f 346/378/346 350/382/350 351/383/351 347/379/347
f 347/379/347 351/383/351 352/384/352 348/380/348
f 348/380/348 352/384/352 353/385/353 349/381/349
f 349/381/349 353/385/353 136/136/136 135/135/135
f 350/382/350 181/386/181 180/387/180 351/383/351
f 351/383/351 180/387/180 185/388/185 352/384/352
f 352/384/352 185/388/185 189/389/189 353/385/353
f 353/385/353 189/389/189 137/137/137 136/136/136
f 338/370/338 341/373/341 354/390/354 355/391/355
f 355/391/355 354/390/354 356/392/356 357/393/357
f 357/393/357 356/392/356 358/394/358 359/395/359
f 359/395/359 358/394/358 62/396/62 33/397/33
f 341/373/341 343/375/343 360/398/360 354/390/354
f 354/390/354 360/398/360 361/399/361 356/392/356
f 356/392/356 361/399/361 362/400/362 358/394/358
f 358/394/358 362/400/362 63/401/63 62/396/62
f 343/375/343 345/377/345 363/402/363 360/398/360
f 360/398/360 363/402/363 364/403/364 361/399/361
f 361/399/361 364/403/364 365/404/365 362/400/362
f 362/400/362 365/404/365 64/405/64 63/401/63
f 345/377/345 109/109/109 108/108/108 363/402/363
f 363/402/363 108/108/108 113/113/113 364/403/364
f 364/403/364 113/113/113 117/117/117 365/404/365
f 365/404/365 117/117/117 65/65/65 64/405/64
f 338/370/338 355/391/355 366/406/366 367/407/367
f 367/407/367 366/406/366 368/408/368 369/409/369
f 369/409/369 368/408/368 370/410/370 371/411/371
f 371/411/371 370/410/370 274/412/274 253/413/253
f 355/391/355 357/393/357 372/414/372 366/406/366
f 366/406/366 372/414/372 373/415/373 368/408/368
f 368/408/368 373/415/373 374/416/374 370/410/370
f 370/410/370 374/416/374 275/417/275 274/412/274
f 357/393/357 359/395/359 375/418/375 372/414/372
f 372/414/372 375/418/375 376/419/376 373/415/373
f 373/415/373 376/419/376 377/420/377 374/416/374
f 374/416/374 377/420/377 276/421/276 275/417/275
f 359/395/359 33/397/33 32/422/32 375/418/375
f 375/418/375 32/422/32 37/423/37 376/419/376
f 376/419/376 37/423/37 41/424/41 377/420/377
f 377/420/377 41/424/41 45/425/45 276/421/276
f 338/370/338 367/407/367 378/426/378 339/371/339
f 339/371/339 378/426/378 379/427/379 346/378/346
f 346/378/346 379/427/379 380/428/380 350/382/350
f 350/382/350 380/428/380 206/429/206 181/386/181
f 367/407/367 369/409/369 381/430/381 378/426/378
f 378/426/378 381/430/381 382/431/382 379/427/379
f 379/427/379 382/431/382 383/432/383 380/428/380
f 380/428/380 383/432/383 207/433/207 206/429/206
f 369/409/369 371/411/371 384/434/384 381/430/381
f 381/430/381 384/434/384 385/435/385 382/431/382
f 382/431/382 385/435/385 386/436/386 383/432/383
f 383/432/383 386/436/386 208/437/208 207/433/207
f 371/411/371 253/413/253 252/438/252 384/434/384
f 384/434/384 252/438/252 257/439/257 385/435/385
f 385/435/385 257/439/257 261/440/261 386/436/386
f 386/436/386 261/440/261 209/441/209 208/437/208
o Earth_Earth_Cube.002
v -0.172738 3.165391 0.157985
v 0.469477 3.137852 0.089278
v 0.392176 3.103807 -0.535798
v -0.238083 3.128375 -0.480713
v 0.311232 2.949461 -1.130624
v -0.292668 2.967402 -1.087829
v 0.242365 2.688665 -1.669381
v -0.334600 2.699311 -1.635929
v 0.200165 2.336825 -2.138617
v -0.363538 2.341218 -2.112116
v 1.081685 2.983978 0.018142
v 0.996850 2.957232 -0.579283
v 0.893126 2.821520 -1.147104
v 0.794946 2.587096 -1.658159
v 0.737408 2.262713 -2.100204
v 1.634928 2.720081 -0.051656
v 1.545925 2.701632 -0.621124
v 1.420203 2.592841 -1.155290
v 1.284297 2.407707 -1.621118
v 1.205818 2.138170 -2.012146
v 2.115063 2.363708 -0.117855
v 2.021784 2.352476 -0.672861
v 1.872038 2.271853 -1.186868
v 1.689439 2.141826 -1.622613
v 1.530344 2.014376 -1.916985
v -0.857194 3.028987 -0.406144
v -0.806228 3.062041 0.219991
v -1.432204 2.813550 -0.327450
v -1.393834 2.838628 0.271873
v -1.939337 2.499154 -0.260192
v -1.910322 2.515532 0.311878
v -2.367494 2.102762 -0.218771
v -2.345323 2.111524 0.339745
v -0.884311 2.877951 -1.004932
v -1.433786 2.683912 -0.902979
v -1.915744 2.398839 -0.806225
v -2.319590 2.032861 -0.749317
v -0.899037 2.621040 -1.548023
v -1.417664 2.457247 -1.423610
v -1.859800 2.225704 -1.289141
v -2.218873 1.919305 -1.211350
v -0.914469 2.271850 -2.019144
v -1.416054 2.138113 -1.870231
v -1.834067 1.964060 -1.689131
v -2.112132 1.807618 -1.531637
v -0.722934 2.974831 0.838000
v -0.100249 3.072352 0.790632
v -0.623024 2.772021 1.415005
v -0.025072 2.858158 1.380147
v -0.523653 2.467751 1.926263
v 0.048896 2.541766 1.900402
v -0.441083 2.076957 2.359277
v 0.119331 2.141436 2.339767
v -1.304630 2.762130 0.862015
v -1.185105 2.583189 1.413209
v -1.060439 2.311533 1.899153
v -0.966364 1.953165 2.307766
v -1.818447 2.450137 0.874400
v -1.680903 2.303245 1.394318
v -1.525171 2.088722 1.839998
v -1.417143 1.792179 2.203248
v -2.250238 2.054675 0.888391
v -2.092438 1.939470 1.390919
v -1.897038 1.786537 1.812189
v -1.725258 1.647547 2.093697
v 0.527675 3.048005 0.711143
v 1.126586 2.902927 0.615075
v 1.669473 2.649052 0.519501
v 2.141823 2.300636 0.440644
v 0.574690 2.840643 1.294209
v 1.145620 2.715707 1.177704
v 1.659734 2.490959 1.055891
v 2.104101 2.171842 0.964551
v 0.620432 2.531803 1.810949
v 1.156887 2.435084 1.675255
v 1.624702 2.262980 1.521105
v 2.017313 2.000923 1.414655
v 0.676377 2.138164 2.246168
v 1.192064 2.071123 2.089002
v 1.628814 1.958140 1.893977
v 1.923516 1.845829 1.722642
v 0.342073 -0.144260 3.152249
v 0.974102 -0.107022 3.018968
v 0.920695 0.523623 2.992096
v 0.300056 0.500632 3.119909
v 0.842166 1.124220 2.846292
v 0.246725 1.113024 2.962229
v 0.755228 1.667309 2.593108
v 0.185589 1.664417 2.696251
v 1.553661 -0.066261 2.766992
v 1.493429 0.535996 2.748977
v 1.394891 1.109931 2.626181
v 1.282557 1.626494 2.405007
v 2.055885 -0.024284 2.418108
v 1.992221 0.549430 2.409083
v 1.875595 1.090222 2.316907
v 1.732780 1.563260 2.151322
v 2.471028 0.017436 1.992037
v 2.404098 0.576476 1.990599
v 2.268059 1.098001 1.929974
v 2.087475 1.543227 1.826307
v -0.333003 0.457037 3.123255
v -0.305026 -0.175538 3.154464
v -0.943083 0.406518 3.003304
v -0.927702 -0.199123 3.028897
v -1.501808 0.363610 2.772518
v -1.496111 -0.214373 2.791092
v -1.993483 0.342388 2.446077
v -1.995537 -0.221458 2.458309
v -0.357788 1.060377 2.970200
v -0.939690 0.985652 2.867049
v -1.469456 0.911967 2.661487
v -1.932270 0.873776 2.361639
v -0.390000 1.605695 2.710007
v -0.936736 1.507150 2.631639
v -1.419328 1.393792 2.473327
v -1.828529 1.332389 2.226145
v -0.264298 -0.800973 3.059916
v 0.369860 -0.782710 3.053697
v -0.224267 -1.384661 2.847265
v 0.382201 -1.376704 2.834273
v -0.198545 -1.900858 2.534130
v 0.379647 -1.899936 2.514082
v -0.200165 -2.336825 2.138617
v 0.363538 -2.341218 2.112116
v -0.877659 -0.797657 2.944139
v -0.812367 -1.357247 2.751807
v -0.754290 -1.850037 2.466355
v -0.737408 -2.262713 2.100204
v -1.440184 -0.785647 2.717191
v -1.349868 -1.315222 2.553927
v -1.249211 -1.769699 2.319943
v -1.205818 -2.138170 2.012146
v -1.934485 -0.778926 2.392810
v -1.817933 -1.292191 2.258287
v -1.666451 -1.724388 2.079404
v -1.530344 -2.014376 1.916985
v 0.988152 -0.732717 2.925949
v 1.556676 -0.665254 2.684901
v 2.051172 -0.596224 2.347702
v 2.460303 -0.541055 1.930975
v 0.973504 -1.317894 2.718445
v 1.518380 -1.227823 2.502293
v 1.990473 -1.130625 2.198682
v 2.377472 -1.061308 1.815421
v 0.943993 -1.835650 2.411175
v 1.460274 -1.724358 2.229055
v 1.897110 -1.592450 1.984836
v 2.243505 -1.505392 1.665826
v 0.914469 -2.271850 2.019144
v 1.416054 -2.138112 1.870231
v 1.834067 -1.964060 1.689131
v 2.112132 -1.807618 1.531637
v 0.172738 -3.165391 -0.157985
v 0.806228 -3.062041 -0.219991
v 0.857194 -3.028987 0.406145
v 0.238083 -3.128375 0.480713
v 0.884311 -2.877951 1.004932
v 0.292668 -2.967402 1.087829
v 0.899037 -2.621040 1.548024
v 0.334600 -2.699311 1.635929
v 1.393834 -2.838628 -0.271873
v 1.432204 -2.813550 0.327450
v 1.433786 -2.683912 0.902979
v 1.417664 -2.457247 1.423610
v 1.910322 -2.515532 -0.311878
v 1.939337 -2.499154 0.260192
v 1.915744 -2.398838 0.806225
v 1.859800 -2.225703 1.289141
v 2.345323 -2.111523 -0.339745
v 2.367494 -2.102762 0.218771
v 2.319590 -2.032861 0.749317
v 2.218873 -1.919304 1.211350
v -0.392176 -3.103807 0.535798
v -0.469477 -3.137852 -0.089278
v -0.996850 -2.957232 0.579283
v -1.081685 -2.983978 -0.018142
v -1.545925 -2.701632 0.621124
v -1.634928 -2.720081 0.051656
v -2.021784 -2.352476 0.672861
v -2.115063 -2.363708 0.117855
v -0.311232 -2.949461 1.130624
v -0.893126 -2.821520 1.147104
v -1.420203 -2.592841 1.155290
v -1.872038 -2.271853 1.186868
v -0.242365 -2.688665 1.669381
v -0.794946 -2.587096 1.658159
v -1.284297 -2.407707 1.621118
v -1.689439 -2.141826 1.622613
v -0.527675 -3.048005 -0.711143
v 0.100249 -3.072352 -0.790632
v -0.574690 -2.840643 -1.294209
v 0.025072 -2.858158 -1.380147
v -0.620432 -2.531803 -1.810949
v -0.048896 -2.541766 -1.900402
v -0.676377 -2.138164 -2.246168
v -0.119331 -2.141436 -2.339767
v -1.126586 -2.902927 -0.615075
v -1.145620 -2.715707 -1.177704
v -1.156887 -2.435084 -1.675255
v -1.192064 -2.071123 -2.089002
v -1.669473 -2.649052 -0.519501
v -1.659734 -2.490959 -1.055891
v -1.624702 -2.262980 -1.521105
v -1.628814 -1.958140 -1.893977
v -2.141823 -2.300636 -0.440644
v -2.104101 -2.171842 -0.964551
v -2.017313 -2.000923 -1.414655
v -1.923516 -1.845829 -1.722642
v 0.722934 -2.974831 -0.838000
v 1.304630 -2.762130 -0.862015
v 1.818447 -2.450137 -0.874400
v 2.250238 -2.054675 -0.888391
v 0.623024 -2.772021 -1.415005
v 1.185105 -2.583189 -1.413209
v 1.680903 -2.303245 -1.394318
v 2.092438 -1.939470 -1.390919
v 0.523653 -2.467751 -1.926263
v 1.060439 -2.311533 -1.899153
v 1.525171 -2.088722 -1.839998
v 1.897038 -1.786537 -1.812189
v 0.441083 -2.076957 -2.359277
v 0.966364 -1.953165 -2.307766
v 1.417143 -1.792179 -2.203248
v 1.725258 -1.647547 -2.093697
v -0.342073 0.144260 -3.152249
v 0.305026 0.175538 -3.154464
v 0.333003 -0.457037 -3.123255
v -0.300056 -0.500632 -3.119909
v 0.357788 -1.060377 -2.970200
v -0.246725 -1.113024 -2.962229
v 0.390000 -1.605695 -2.710007
v -0.185589 -1.664417 -2.696251
v 0.927702 0.199123 -3.028897
v 0.943083 -0.406518 -3.003304
v 0.939689 -0.985652 -2.867049
v 0.936736 -1.507150 -2.631639
v 1.496112 0.214373 -2.791091
v 1.501808 -0.363610 -2.772518
v 1.469456 -0.911967 -2.661487
v 1.419328 -1.393792 -2.473327
v 1.995537 0.221458 -2.458309
v 1.993483 -0.342388 -2.446077
v 1.932271 -0.873776 -2.361639
v 1.828529 -1.332389 -2.226145
v -0.920695 -0.523623 -2.992096
v -0.974102 0.107022 -3.018968
v -1.493429 -0.535996 -2.748977
v -1.553662 0.066261 -2.766992
v -1.992221 -0.549430 -2.409083
v -2.055885 0.024284 -2.418108
v -2.404098 -0.576476 -1.990599
v -2.471028 -0.017436 -1.992037
v -0.842166 -1.124220 -2.846292
v -1.394891 -1.109931 -2.626181
v -1.875594 -1.090222 -2.316907
v -2.268059 -1.098001 -1.929974
v -0.755228 -1.667309 -2.593108
v -1.282557 -1.626495 -2.405008
v -1.732780 -1.563261 -2.151322
v -2.087475 -1.543227 -1.826307
v -0.988152 0.732717 -2.925949
v -0.369860 0.782710 -3.053697
v -0.973504 1.317894 -2.718445
v -0.382201 1.376704 -2.834273
v -0.943993 1.835650 -2.411175
v -0.379647 1.899936 -2.514082
v -1.556676 0.665255 -2.684901
v -1.518381 1.227823 -2.502293
v -1.460274 1.724358 -2.229055
v -2.051173 0.596224 -2.347702
v -1.990473 1.130625 -2.198682
v -1.897110 1.592451 -1.984836
v -2.460303 0.541055 -1.930975
v -2.377472 1.061308 -1.815421
v -2.243505 1.505392 -1.665826
v 0.264298 0.800973 -3.059916
v 0.877659 0.797657 -2.944139
v 1.440184 0.785647 -2.717191
v 1.934485 0.778926 -2.392810
v 0.224267 1.384660 -2.847265
v 0.812367 1.357247 -2.751807
v 1.349868 1.315222 -2.553927
v 1.817933 1.292191 -2.258287
v 0.198545 1.900858 -2.534130
v 0.754290 1.850037 -2.466355
v 1.249211 1.769699 -2.319943
v 1.666451 1.724388 -2.079404
v 3.152972 0.168369 -0.323907
v 3.056856 0.805306 -0.285670
v 3.062540 0.760208 0.342684
v 3.155188 0.135767 0.317571
v 2.948128 0.696670 0.947464
v 3.032000 0.098418 0.933695
v 2.724362 0.630311 1.501684
v 2.798556 0.058483 1.496383
v 2.839228 1.399040 -0.236572
v 2.851575 1.345471 0.364312
v 2.756739 1.259709 0.942348
v 2.560883 1.165560 1.468962
v 2.519089 1.922591 -0.179801
v 2.538798 1.863988 0.393130
v 2.471405 1.757273 0.937359
v 2.326277 1.628460 1.418116
v 3.123129 -0.492437 0.279402
v 3.119020 -0.473930 -0.348712
v 2.971104 -1.090307 0.241383
v 2.961620 -1.083672 -0.359106
v 2.713883 -1.631655 0.216883
v 2.697986 -1.633661 -0.355697
v 3.006415 -0.501910 0.885467
v 2.871665 -1.073445 0.822043
v 2.639273 -1.588306 0.765517
v 2.780788 -0.513983 1.441366
v 2.671399 -1.052943 1.352567
v 2.485628 -1.524583 1.253712
v 2.992484 -0.436200 -0.963984
v 3.021382 0.194105 -0.952930
v 2.751350 -0.392398 -1.533165
v 2.771306 0.211630 -1.532833
v 2.412622 -0.356540 -2.031410
v 2.423068 0.220631 -2.038274
v 2.846140 -1.037384 -0.947534
v 2.627492 -0.970125 -1.493198
v 2.319366 -0.904239 -1.969109
v 2.594321 -1.581873 -0.917430
v 2.406727 -1.491391 -1.434543
v 2.153621 -1.386091 -1.874877
v 2.930684 0.818103 -0.903492
v 2.724485 1.401294 -0.829490
v 2.416602 1.917344 -0.747211
v 2.690936 0.809087 -1.476056
v 2.508811 1.368143 -1.381502
v 2.234208 1.860494 -1.273333
v 2.353558 0.791344 -1.977129
v 2.204192 1.320586 -1.863354
v 1.988532 1.774713 -1.723552
v -3.152972 -0.168369 0.323907
v -3.056856 -0.805306 0.285670
v -2.930684 -0.818103 0.903492
v -3.021381 -0.194105 0.952930
v -2.690936 -0.809087 1.476056
v -2.771306 -0.211630 1.532833
v -2.353558 -0.791344 1.977129
v -2.423068 -0.220631 2.038274
v -2.839228 -1.399040 0.236572
v -2.724485 -1.401294 0.829490
v -2.508811 -1.368143 1.381502
v -2.204192 -1.320586 1.863354
v -2.519089 -1.922591 0.179801
v -2.416602 -1.917344 0.747211
v -2.234208 -1.860494 1.273333
v -1.988532 -1.774713 1.723552
v -2.992484 0.436200 0.963984
v -3.119020 0.473930 0.348712
v -2.846140 1.037384 0.947534
v -2.961620 1.083672 0.359106
v -2.594320 1.581873 0.917429
v -2.697986 1.633661 0.355697
v -2.751350 0.392398 1.533165
v -2.627492 0.970125 1.493198
v -2.406727 1.491391 1.434543
v -2.412622 0.356540 2.031410
v -2.319366 0.904239 1.969109
v -2.153621 1.386091 1.874877
v -3.123129 0.492437 -0.279402
v -3.155188 -0.135767 -0.317571
v -3.006415 0.501910 -0.885467
v -3.032000 -0.098418 -0.933695
v -2.780788 0.513983 -1.441366
v -2.798556 -0.058483 -1.496383
v -2.971104 1.090307 -0.241383
v -2.871665 1.073446 -0.822043
v -2.671399 1.052943 -1.352567
v -2.713883 1.631655 -0.216883
v -2.639273 1.588306 -0.765517
v -2.485628 1.524583 -1.253712
v -3.062539 -0.760208 -0.342684
v -2.851575 -1.345471 -0.364312
v -2.538798 -1.863988 -0.393130
v -2.948128 -0.696670 -0.947464
v -2.756739 -1.259709 -0.942348
v -2.471405 -1.757274 -0.937359
v -2.724362 -0.630311 -1.501685
v -2.560883 -1.165560 -1.468962
v -2.326277 -1.628460 -1.418116
vt 0.377979 0.825310
vt 0.408469 0.825310
vt 0.408469 0.865983
vt 0.377979 0.865983
vt 0.408469 0.906657
vt 0.377979 0.906657
vt 0.408469 0.947331
vt 0.377979 0.947331
vt 0.408469 0.988004
vt 0.377979 0.988004
vt 0.438960 0.825310
vt 0.438960 0.865984
vt 0.438960 0.906657
vt 0.438960 0.947331
vt 0.438960 0.988004
vt 0.469450 0.825310
vt 0.469450 0.865983
vt 0.469450 0.906657
vt 0.469450 0.947331
vt 0.469450 0.988004
vt 0.499940 0.825310
vt 0.499940 0.865983
vt 0.499940 0.906657
vt 0.499940 0.947331
vt 0.499940 0.988004
vt 0.347489 0.865983
vt 0.347489 0.825310
vt 0.316998 0.865984
vt 0.316998 0.825310
vt 0.286508 0.865983
vt 0.286508 0.825310
vt 0.256018 0.865983
vt 0.256018 0.825310
vt 0.347489 0.906657
vt 0.316998 0.906657
vt 0.286508 0.906657
vt 0.256018 0.906657
vt 0.347489 0.947331
vt 0.316998 0.947331
vt 0.286508 0.947331
vt 0.256018 0.947331
vt 0.347489 0.988004
vt 0.316998 0.988004
vt 0.286508 0.988004
vt 0.256018 0.988004
vt 0.347489 0.784636
vt 0.377979 0.784636
vt 0.347489 0.743963
vt 0.377979 0.743962
vt 0.347489 0.703289
vt 0.377979 0.703289
vt 0.347489 0.662615
vt 0.377979 0.662615
vt 0.316998 0.784636
vt 0.316998 0.743962
vt 0.316998 0.703289
vt 0.316998 0.662615
vt 0.286508 0.784636
vt 0.286508 0.743963
vt 0.286508 0.703289
vt 0.286508 0.662615
vt 0.256018 0.784636
vt 0.256018 0.743963
vt 0.256018 0.703289
vt 0.256018 0.662615
vt 0.408469 0.784636
vt 0.438960 0.784636
vt 0.469450 0.784636
vt 0.499940 0.784636
vt 0.408469 0.743963
vt 0.438960 0.743963
vt 0.469450 0.743963
vt 0.499940 0.743963
vt 0.408469 0.703289
vt 0.438960 0.703289
vt 0.469450 0.703289
vt 0.499940 0.703289
vt 0.408469 0.662615
vt 0.438960 0.662615
vt 0.469450 0.662615
vt 0.499940 0.662615
vt 0.377979 0.500000
vt 0.408469 0.500000
vt 0.408469 0.540654
vt 0.377979 0.540654
vt 0.408469 0.581308
vt 0.377979 0.581308
vt 0.408469 0.621961
vt 0.377979 0.621961
vt 0.438960 0.500000
vt 0.438960 0.540654
vt 0.438960 0.581308
vt 0.438960 0.621961
vt 0.469450 0.500000
vt 0.469450 0.540654
vt 0.469450 0.581308
vt 0.469450 0.621961
vt 0.499940 0.500000
vt 0.499940 0.540654
vt 0.499940 0.581308
vt 0.499940 0.621961
vt 0.347489 0.540654
vt 0.347489 0.500000
vt 0.316998 0.540654
vt 0.316998 0.500000
vt 0.286508 0.540654
vt 0.286508 0.500000
vt 0.256018 0.540654
vt 0.256018 0.500000
vt 0.347489 0.581308
vt 0.316998 0.581308
vt 0.286508 0.581308
vt 0.256018 0.581308
vt 0.347489 0.621961
vt 0.316998 0.621961
vt 0.286508 0.621961
vt 0.256018 0.621961
vt 0.347489 0.459346
vt 0.377979 0.459346
vt 0.347489 0.418692
vt 0.377979 0.418692
vt 0.347489 0.378039
vt 0.377979 0.378039
vt 0.347489 0.337385
vt 0.377979 0.337385
vt 0.316998 0.459346
vt 0.316998 0.418692
vt 0.316998 0.378039
vt 0.316998 0.337385
vt 0.286508 0.459346
vt 0.286508 0.418692
vt 0.286508 0.378039
vt 0.286508 0.337385
vt 0.256018 0.459346
vt 0.256018 0.418692
vt 0.256018 0.378039
vt 0.256018 0.337385
vt 0.408469 0.459346
vt 0.438960 0.459346
vt 0.469450 0.459346
vt 0.499940 0.459346
vt 0.408469 0.418692
vt 0.438960 0.418692
vt 0.469450 0.418692
vt 0.499940 0.418692
vt 0.408469 0.378039
vt 0.438960 0.378039
vt 0.469450 0.378039
vt 0.499940 0.378039
vt 0.408469 0.337385
vt 0.438960 0.337385
vt 0.469450 0.337385
vt 0.499940 0.337385
vt 0.377979 0.174690
vt 0.408469 0.174690
vt 0.408469 0.215364
vt 0.377979 0.215364
vt 0.408469 0.256038
vt 0.377979 0.256038
vt 0.408469 0.296711
vt 0.377979 0.296711
vt 0.438960 0.174690
vt 0.438960 0.215364
vt 0.438960 0.256037
vt 0.438960 0.296711
vt 0.469450 0.174690
vt 0.469450 0.215364
vt 0.469450 0.256038
vt 0.469450 0.296711
vt 0.499940 0.174690
vt 0.499940 0.215364
vt 0.499940 0.256038
vt 0.499940 0.296711
vt 0.347489 0.215364
vt 0.347489 0.174690
vt 0.316998 0.215364
vt 0.316998 0.174690
vt 0.286508 0.215364
vt 0.286508 0.174690
vt 0.256018 0.215364
vt 0.256018 0.174690
vt 0.347489 0.256038
vt 0.316998 0.256037
vt 0.286508 0.256038
vt 0.256018 0.256038
vt 0.347489 0.296711
vt 0.316998 0.296711
vt 0.286508 0.296711
vt 0.256018 0.296711
vt 0.347489 0.134017
vt 0.377979 0.134017
vt 0.347489 0.093343
vt 0.377979 0.093343
vt 0.347489 0.052669
vt 0.377979 0.052669
vt 0.347489 0.011996
vt 0.377979 0.011996
vt 0.316998 0.134017
vt 0.316998 0.093343
vt 0.316998 0.052669
vt 0.316998 0.011996
vt 0.286508 0.134017
vt 0.286508 0.093343
vt 0.286508 0.052669
vt 0.286508 0.011996
vt 0.256018 0.134017
vt 0.256018 0.093343
vt 0.256018 0.052669
vt 0.256018 0.011996
vt 0.408469 0.134017
vt 0.438960 0.134017
vt 0.469450 0.134017
vt 0.499940 0.134017
vt 0.408469 0.093343
vt 0.438960 0.093343
vt 0.469450 0.093343
vt 0.499940 0.093343
vt 0.408469 0.052669
vt 0.438960 0.052669
vt 0.469450 0.052669
vt 0.499940 0.052669
vt 0.408469 0.011996
vt 0.438960 0.011996
vt 0.469450 0.011996
vt 0.499940 0.011996
vt 0.866003 0.500000
vt 0.835498 0.500000
vt 0.835498 0.459346
vt 0.866003 0.459346
vt 0.835498 0.418692
vt 0.866003 0.418692
vt 0.835498 0.378039
vt 0.866003 0.378039
vt 0.835498 0.337385
vt 0.866003 0.337385
vt 0.804993 0.500000
vt 0.804993 0.459346
vt 0.804993 0.418692
vt 0.804993 0.378039
vt 0.804993 0.337385
vt 0.774488 0.500000
vt 0.774488 0.459346
vt 0.774488 0.418692
vt 0.774488 0.378039
vt 0.774488 0.337385
vt 0.743982 0.500000
vt 0.743982 0.459346
vt 0.743982 0.418692
vt 0.743982 0.378039
vt 0.743982 0.337385
vt 0.896509 0.459346
vt 0.896509 0.500000
vt 0.927014 0.459346
vt 0.927014 0.500000
vt 0.957519 0.459346
vt 0.957519 0.500000
vt 0.988024 0.459346
vt 0.988024 0.500000
vt 0.896509 0.418692
vt 0.927014 0.418692
vt 0.957519 0.418692
vt 0.988024 0.418692
vt 0.896509 0.378039
vt 0.927014 0.378039
vt 0.957519 0.378039
vt 0.988024 0.378039
vt 0.896509 0.337385
vt 0.927014 0.337385
vt 0.957519 0.337385
vt 0.988024 0.337385
vt 0.896509 0.540654
vt 0.866003 0.540654
vt 0.896509 0.581308
vt 0.866003 0.581308
vt 0.896509 0.621961
vt 0.866003 0.621961
vt 0.896509 0.662615
vt 0.866003 0.662615
vt 0.927014 0.540654
vt 0.927014 0.581308
vt 0.927014 0.621961
vt 0.927014 0.662615
vt 0.957519 0.540654
vt 0.957519 0.581308
vt 0.957519 0.621961
vt 0.957519 0.662615
vt 0.988024 0.540654
vt 0.988024 0.581308
vt 0.988024 0.621961
vt 0.988024 0.662615
vt 0.835498 0.540654
vt 0.804993 0.540654
vt 0.774488 0.540654
vt 0.743982 0.540654
vt 0.835498 0.581308
vt 0.804993 0.581308
vt 0.774488 0.581308
vt 0.743982 0.581308
vt 0.835498 0.621961
vt 0.804993 0.621961
vt 0.774488 0.621961
vt 0.743982 0.621961
vt 0.835498 0.662615
vt 0.804993 0.662615
vt 0.774488 0.662615
vt 0.743982 0.662615
vt 0.621961 0.500000
vt 0.621961 0.540654
vt 0.591456 0.540654
vt 0.591456 0.500000
vt 0.560951 0.540654
vt 0.560951 0.500000
vt 0.530446 0.540654
vt 0.530446 0.500000
vt 0.621961 0.581308
vt 0.591456 0.581308
vt 0.560951 0.581308
vt 0.530446 0.581308
vt 0.621961 0.621961
vt 0.591456 0.621961
vt 0.560951 0.621961
vt 0.530446 0.621961
vt 0.621961 0.662615
vt 0.591456 0.662615
vt 0.560951 0.662615
vt 0.530446 0.662615
vt 0.591456 0.459346
vt 0.621961 0.459346
vt 0.591456 0.418692
vt 0.621961 0.418692
vt 0.591456 0.378039
vt 0.621961 0.378039
vt 0.591456 0.337385
vt 0.621961 0.337385
vt 0.560951 0.459346
vt 0.560951 0.418692
vt 0.560951 0.378039
vt 0.560951 0.337385
vt 0.530446 0.459346
vt 0.530446 0.418692
vt 0.530446 0.378039
vt 0.530446 0.337385
vt 0.652467 0.459346
vt 0.652467 0.500000
vt 0.682972 0.459346
vt 0.682972 0.500000
vt 0.713477 0.459346
vt 0.713477 0.500000
vt 0.652467 0.418692
vt 0.682972 0.418692
vt 0.713477 0.418692
vt 0.652467 0.378039
vt 0.682972 0.378039
vt 0.713477 0.378039
vt 0.652467 0.337385
vt 0.682972 0.337385
vt 0.713477 0.337385
vt 0.652467 0.540654
vt 0.652467 0.581308
vt 0.652467 0.621961
vt 0.652467 0.662615
vt 0.682972 0.540654
vt 0.682972 0.581308
vt 0.682972 0.621961
vt 0.682972 0.662615
vt 0.713477 0.540654
vt 0.713477 0.581308
vt 0.713477 0.621961
vt 0.713477 0.662615
vt 0.133997 0.500000
vt 0.133997 0.459346
vt 0.164502 0.459346
vt 0.164502 0.500000
vt 0.195007 0.459346
vt 0.195007 0.500000
vt 0.225512 0.459346
vt 0.225512 0.500000
vt 0.133997 0.418692
vt 0.164502 0.418692
vt 0.195007 0.418692
vt 0.225512 0.418692
vt 0.133997 0.378039
vt 0.164502 0.378039
vt 0.195007 0.378039
vt 0.225512 0.378039
vt 0.133997 0.337385
vt 0.164502 0.337385
vt 0.195007 0.337385
vt 0.225512 0.337385
vt 0.164502 0.540654
vt 0.133997 0.540654
vt 0.164502 0.581308
vt 0.133997 0.581308
vt 0.164502 0.621961
vt 0.133997 0.621961
vt 0.164502 0.662615
vt 0.133997 0.662615
vt 0.195007 0.540654
vt 0.195007 0.581308
vt 0.195007 0.621961
vt 0.195007 0.662615
vt 0.225512 0.540654
vt 0.225512 0.581308
vt 0.225512 0.621961
vt 0.225512 0.662615
vt 0.103491 0.540654
vt 0.103491 0.500000
vt 0.072986 0.540654
vt 0.072986 0.500000
vt 0.042481 0.540654
vt 0.042481 0.500000
vt 0.011976 0.540654
vt 0.011976 0.500000
vt 0.103491 0.581308
vt 0.072986 0.581308
vt 0.042481 0.581308
vt 0.011976 0.581308
vt 0.103491 0.621961
vt 0.072986 0.621961
vt 0.042481 0.621961
vt 0.011976 0.621961
vt 0.103491 0.662615
vt 0.072986 0.662615
vt 0.042481 0.662615
vt 0.011976 0.662615
vt 0.103491 0.459346
vt 0.103491 0.418692
vt 0.103491 0.378039
vt 0.103491 0.337385
vt 0.072986 0.459346
vt 0.072986 0.418692
vt 0.072986 0.378039
vt 0.072986 0.337385
vt 0.042481 0.459346
vt 0.042481 0.418692
vt 0.042481 0.378039
vt 0.042481 0.337385
vt 0.011976 0.459346
vt 0.011976 0.418692
vt 0.011976 0.378039
vt 0.011976 0.337385
vn -0.0542 0.9973 0.0498
vn 0.1455 0.9889 0.0284
vn 0.1218 0.9785 -0.1664
vn -0.0746 0.9860 -0.1489
vn 0.0966 0.9306 -0.3529
vn -0.0917 0.9362 -0.3394
vn 0.0746 0.8487 -0.5236
vn -0.1051 0.8519 -0.5131
vn 0.0612 0.7363 -0.6739
vn -0.1144 0.7376 -0.6655
vn 0.3375 0.9413 0.0061
vn 0.3113 0.9331 -0.1802
vn 0.2783 0.8915 -0.3575
vn 0.2462 0.8183 -0.5195
vn 0.2276 0.7138 -0.6623
vn 0.5127 0.8584 -0.0160
vn 0.4851 0.8528 -0.1934
vn 0.4455 0.8201 -0.3591
vn 0.3997 0.7652 -0.5047
vn 0.3716 0.6763 -0.6360
vn 0.6663 0.7447 -0.0372
vn 0.6374 0.7413 -0.2101
vn 0.5914 0.7168 -0.3694
vn 0.5360 0.6776 -0.5035
vn 0.4821 0.6346 -0.6040
vn -0.2676 0.9553 -0.1260
vn -0.2514 0.9654 0.0691
vn -0.4480 0.8883 -0.1015
vn -0.4358 0.8960 0.0855
vn -0.6087 0.7893 -0.0801
vn -0.5996 0.7943 0.0982
vn -0.7459 0.6627 -0.0670
vn -0.7389 0.6653 0.1071
vn -0.2763 0.9084 -0.3138
vn -0.4480 0.8486 -0.2814
vn -0.6009 0.7593 -0.2497
vn -0.7315 0.6414 -0.2314
vn -0.2809 0.8277 -0.4858
vn -0.4421 0.7779 -0.4466
vn -0.5806 0.7084 -0.4013
vn -0.7014 0.6072 -0.3734
vn -0.2861 0.7161 -0.6367
vn -0.4417 0.6751 -0.5909
vn -0.5705 0.6224 -0.5359
vn -0.6654 0.5695 -0.4826
vn -0.2258 0.9383 0.2618
vn -0.0317 0.9686 0.2467
vn -0.1947 0.8752 0.4428
vn -0.0082 0.9020 0.4316
vn -0.1632 0.7795 0.6047
vn 0.0152 0.8024 0.5966
vn -0.1369 0.6546 0.7434
vn 0.0377 0.6746 0.7372
vn -0.4082 0.8722 0.2696
vn -0.3704 0.8171 0.4418
vn -0.3300 0.7322 0.5959
vn -0.2997 0.6167 0.7279
vn -0.5710 0.7740 0.2735
vn -0.5278 0.7295 0.4349
vn -0.4762 0.6657 0.5745
vn -0.4384 0.5679 0.6966
vn -0.7094 0.6476 0.2781
vn -0.6609 0.6123 0.4340
vn -0.6016 0.5660 0.5637
vn -0.5435 0.5190 0.6597
vn 0.1640 0.9611 0.2222
vn 0.3517 0.9161 0.1923
vn 0.5236 0.8364 0.1619
vn 0.6748 0.7252 0.1369
vn 0.1789 0.8966 0.4051
vn 0.3571 0.8585 0.3681
vn 0.5200 0.7884 0.3286
vn 0.6635 0.6857 0.2992
vn 0.1932 0.7995 0.5688
vn 0.3596 0.7706 0.5261
vn 0.5059 0.7201 0.4750
vn 0.6376 0.6340 0.4376
vn 0.2112 0.6737 0.7081
vn 0.3710 0.6534 0.6599
vn 0.5055 0.6194 0.6007
vn 0.6060 0.5815 0.5427
vn 0.1077 -0.0454 0.9931
vn 0.3043 -0.0338 0.9520
vn 0.2881 0.1627 0.9437
vn 0.0947 0.1552 0.9833
vn 0.2637 0.3510 0.8985
vn 0.0780 0.3472 0.9345
vn 0.2362 0.5230 0.8190
vn 0.0588 0.5219 0.8510
vn 0.4862 -0.0210 0.8736
vn 0.4677 0.1668 0.8680
vn 0.4365 0.3460 0.8305
vn 0.4001 0.5097 0.7616
vn 0.6455 -0.0077 0.7637
vn 0.6258 0.1710 0.7610
vn 0.5891 0.3388 0.7336
vn 0.5418 0.4868 0.6852
vn 0.7784 0.0056 0.6277
vn 0.7577 0.1798 0.6273
vn 0.7160 0.3414 0.6089
vn 0.6614 0.4784 0.5777
vn -0.1026 0.1419 0.9845
vn -0.0936 -0.0552 0.9941
vn -0.2938 0.1262 0.9475
vn -0.2888 -0.0626 0.9553
vn -0.4707 0.1125 0.8751
vn -0.4688 -0.0675 0.8807
vn -0.6281 0.1058 0.7709
vn -0.6286 -0.0698 0.7746
vn -0.1105 0.3310 0.9371
vn -0.2921 0.3071 0.9057
vn -0.4600 0.2828 0.8417
vn -0.6095 0.2705 0.7452
vn -0.1205 0.5037 0.8554
vn -0.2901 0.4725 0.8322
vn -0.4410 0.4339 0.7856
vn -0.5783 0.4115 0.7044
vn -0.0812 -0.2501 0.9648
vn 0.1163 -0.2440 0.9628
vn -0.0689 -0.4331 0.8987
vn 0.1202 -0.4304 0.8946
vn -0.0606 -0.5967 0.8002
vn 0.1195 -0.5963 0.7938
vn -0.0612 -0.7363 0.6739
vn 0.1144 -0.7376 0.6655
vn -0.2734 -0.2493 0.9290
vn -0.2525 -0.4241 0.8697
vn -0.2330 -0.5804 0.7803
vn -0.2276 -0.7138 0.6623
vn -0.4515 -0.2455 0.8578
vn -0.4228 -0.4099 0.8082
vn -0.3880 -0.5524 0.7378
vn -0.3716 -0.6763 0.6360
vn -0.6097 -0.2435 0.7543
vn -0.5740 -0.4026 0.7130
vn -0.5282 -0.5357 0.6589
vn -0.4821 -0.6346 0.6040
vn 0.3090 -0.2288 0.9231
vn 0.4874 -0.2078 0.8481
vn 0.6441 -0.1859 0.7420
vn 0.7753 -0.1684 0.6088
vn 0.3047 -0.4123 0.8586
vn 0.4750 -0.3837 0.7919
vn 0.6249 -0.3520 0.6968
vn 0.7501 -0.3297 0.5733
vn 0.2953 -0.5764 0.7619
vn 0.4558 -0.5413 0.7065
vn 0.5931 -0.4972 0.6333
vn 0.7097 -0.4664 0.5280
vn 0.2861 -0.7161 0.6367
vn 0.4417 -0.6751 0.5909
vn 0.5705 -0.6224 0.5359
vn 0.6654 -0.5695 0.4826
vn 0.0542 -0.9973 -0.0498
vn 0.2514 -0.9654 -0.0691
vn 0.2676 -0.9553 0.1260
vn 0.0746 -0.9860 0.1489
vn 0.2763 -0.9084 0.3138
vn 0.0917 -0.9362 0.3394
vn 0.2809 -0.8277 0.4858
vn 0.1051 -0.8519 0.5131
vn 0.4358 -0.8960 -0.0855
vn 0.4480 -0.8883 0.1015
vn 0.4480 -0.8486 0.2814
vn 0.4421 -0.7779 0.4466
vn 0.5996 -0.7943 -0.0982
vn 0.6087 -0.7893 0.0801
vn 0.6009 -0.7593 0.2497
vn 0.5806 -0.7084 0.4013
vn 0.7389 -0.6653 -0.1071
vn 0.7459 -0.6627 0.0670
vn 0.7315 -0.6414 0.2314
vn 0.7014 -0.6072 0.3734
vn -0.1218 -0.9785 0.1664
vn -0.1455 -0.9889 -0.0284
vn -0.3113 -0.9331 0.1802
vn -0.3375 -0.9413 -0.0061
vn -0.4851 -0.8528 0.1934
vn -0.5127 -0.8584 0.0160
vn -0.6374 -0.7413 0.2101
vn -0.6663 -0.7447 0.0372
vn -0.0966 -0.9306 0.3529
vn -0.2783 -0.8915 0.3575
vn -0.4455 -0.8201 0.3591
vn -0.5914 -0.7168 0.3694
vn -0.0746 -0.8487 0.5236
vn -0.2462 -0.8183 0.5195
vn -0.3997 -0.7652 0.5047
vn -0.5360 -0.6776 0.5035
vn -0.1640 -0.9611 -0.2222
vn 0.0317 -0.9686 -0.2467
vn -0.1789 -0.8966 -0.4051
vn 0.0082 -0.9020 -0.4316
vn -0.1932 -0.7995 -0.5688
vn -0.0152 -0.8024 -0.5966
vn -0.2112 -0.6737 -0.7081
vn -0.0377 -0.6746 -0.7372
vn -0.3517 -0.9161 -0.1923
vn -0.3571 -0.8585 -0.3681
vn -0.3596 -0.7706 -0.5261
vn -0.3710 -0.6534 -0.6599
vn -0.5236 -0.8364 -0.1619
vn -0.5200 -0.7884 -0.3286
vn -0.5059 -0.7201 -0.4750
vn -0.5055 -0.6194 -0.6007
vn -0.6748 -0.7252 -0.1369
vn -0.6635 -0.6857 -0.2992
vn -0.6376 -0.6340 -0.4376
vn -0.6060 -0.5815 -0.5427
vn 0.2258 -0.9383 -0.2618
vn 0.4082 -0.8722 -0.2696
vn 0.5710 -0.7740 -0.2735
vn 0.7094 -0.6476 -0.2781
vn 0.1947 -0.8752 -0.4428
vn 0.3704 -0.8171 -0.4418
vn 0.5278 -0.7295 -0.4349
vn 0.6609 -0.6123 -0.4340
vn 0.1632 -0.7795 -0.6047
vn 0.3300 -0.7322 -0.5959
vn 0.4762 -0.6657 -0.5745
vn 0.6016 -0.5660 -0.5637
vn 0.1369 -0.6546 -0.7434
vn 0.2997 -0.6167 -0.7279
vn 0.4384 -0.5679 -0.6966
vn 0.5435 -0.5190 -0.6597
vn -0.1077 0.0454 -0.9931
vn 0.0936 0.0552 -0.9941
vn 0.1026 -0.1419 -0.9845
vn -0.0947 -0.1552 -0.9833
vn 0.1105 -0.3310 -0.9371
vn -0.0780 -0.3472 -0.9345
vn 0.1205 -0.5037 -0.8554
vn -0.0588 -0.5219 -0.8510
vn 0.2888 0.0626 -0.9553
vn 0.2938 -0.1262 -0.9475
vn 0.2921 -0.3071 -0.9057
vn 0.2901 -0.4725 -0.8322
vn 0.4688 0.0675 -0.8807
vn 0.4707 -0.1125 -0.8751
vn 0.4600 -0.2828 -0.8417
vn 0.4410 -0.4339 -0.7856
vn 0.6286 0.0698 -0.7746
vn 0.6281 -0.1058 -0.7709
vn 0.6095 -0.2705 -0.7452
vn 0.5783 -0.4115 -0.7044
vn -0.2881 -0.1627 -0.9437
vn -0.3043 0.0338 -0.9520
vn -0.4677 -0.1668 -0.8680
vn -0.4862 0.0210 -0.8736
vn -0.6258 -0.1710 -0.7610
vn -0.6455 0.0077 -0.7637
vn -0.7577 -0.1798 -0.6273
vn -0.7784 -0.0056 -0.6277
vn -0.2637 -0.3510 -0.8985
vn -0.4365 -0.3460 -0.8305
vn -0.5891 -0.3388 -0.7336
vn -0.7160 -0.3414 -0.6089
vn -0.2362 -0.5230 -0.8190
vn -0.4001 -0.5097 -0.7616
vn -0.5418 -0.4868 -0.6852
vn -0.6614 -0.4784 -0.5777
vn -0.3090 0.2288 -0.9231
vn -0.1163 0.2440 -0.9628
vn -0.3047 0.4123 -0.8586
vn -0.1202 0.4304 -0.8946
vn -0.2953 0.5764 -0.7619
vn -0.1195 0.5963 -0.7938
vn -0.4874 0.2078 -0.8481
vn -0.4750 0.3837 -0.7919
vn -0.4558 0.5413 -0.7065
vn -0.6441 0.1859 -0.7420
vn -0.6249 0.3520 -0.6968
vn -0.5931 0.4972 -0.6333
vn -0.7753 0.1684 -0.6088
vn -0.7501 0.3297 -0.5733
vn -0.7097 0.4664 -0.5280
vn 0.0812 0.2501 -0.9648
vn 0.2734 0.2493 -0.9290
vn 0.4515 0.2455 -0.8578
vn 0.6097 0.2435 -0.7543
vn 0.0689 0.4331 -0.8987
vn 0.2525 0.4241 -0.8697
vn 0.4228 0.4099 -0.8082
vn 0.5740 0.4026 -0.7130
vn 0.0606 0.5967 -0.8002
vn 0.2330 0.5804 -0.7803
vn 0.3880 0.5524 -0.7378
vn 0.5282 0.5357 -0.6589
vn 0.9933 0.0532 -0.1021
vn 0.9637 0.2514 -0.0903
vn 0.9656 0.2377 0.1056
vn 0.9943 0.0431 0.0975
vn 0.9302 0.2180 0.2952
vn 0.9563 0.0314 0.2907
vn 0.8600 0.1969 0.4707
vn 0.8830 0.0188 0.4690
vn 0.8960 0.4377 -0.0749
vn 0.9000 0.4212 0.1125
vn 0.8712 0.3939 0.2930
vn 0.8103 0.3632 0.4599
vn 0.7953 0.6036 -0.0570
vn 0.8016 0.5854 0.1215
vn 0.7818 0.5518 0.2904
vn 0.7397 0.5086 0.4406
vn 0.9845 -0.1527 0.0859
vn 0.9831 -0.1466 -0.1099
vn 0.9374 -0.3403 0.0741
vn 0.9343 -0.3379 -0.1132
vn 0.8566 -0.5117 0.0662
vn 0.8515 -0.5123 -0.1122
vn 0.9485 -0.1559 0.2759
vn 0.9071 -0.3344 0.2555
vn 0.8345 -0.4977 0.2366
vn 0.8776 -0.1596 0.4520
vn 0.8447 -0.3269 0.4238
vn 0.7894 -0.4746 0.3895
vn 0.9438 -0.1352 -0.3017
vn 0.9526 0.0612 -0.2979
vn 0.8687 -0.1216 -0.4803
vn 0.8748 0.0667 -0.4799
vn 0.7620 -0.1102 -0.6381
vn 0.7651 0.0696 -0.6401
vn 0.8984 -0.3237 -0.2968
vn 0.8309 -0.3021 -0.4673
vn 0.7342 -0.2802 -0.6184
vn 0.8193 -0.4962 -0.2873
vn 0.7621 -0.4675 -0.4479
vn 0.6858 -0.4313 -0.5862
vn 0.9245 0.2557 -0.2828
vn 0.8603 0.4386 -0.2598
vn 0.7635 0.6020 -0.2337
vn 0.8498 0.2531 -0.4624
vn 0.7938 0.4277 -0.4324
vn 0.7080 0.5839 -0.3972
vn 0.7436 0.2474 -0.6211
vn 0.6984 0.4117 -0.5854
vn 0.6344 0.5542 -0.5389
vn -0.9933 -0.0532 0.1021
vn -0.9637 -0.2514 0.0903
vn -0.9245 -0.2557 0.2828
vn -0.9526 -0.0612 0.2979
vn -0.8498 -0.2531 0.4624
vn -0.8748 -0.0667 0.4799
vn -0.7436 -0.2474 0.6211
vn -0.7651 -0.0696 0.6401
vn -0.8960 -0.4377 0.0749
vn -0.8603 -0.4386 0.2598
vn -0.7938 -0.4277 0.4324
vn -0.6984 -0.4117 0.5854
vn -0.7953 -0.6036 0.0570
vn -0.7635 -0.6020 0.2337
vn -0.7080 -0.5839 0.3972
vn -0.6344 -0.5542 0.5389
vn -0.9438 0.1352 0.3017
vn -0.9831 0.1466 0.1099
vn -0.8984 0.3237 0.2968
vn -0.9343 0.3379 0.1132
vn -0.8193 0.4962 0.2873
vn -0.8515 0.5123 0.1122
vn -0.8687 0.1216 0.4803
vn -0.8309 0.3021 0.4673
vn -0.7621 0.4675 0.4479
vn -0.7620 0.1102 0.6381
vn -0.7342 0.2802 0.6184
vn -0.6858 0.4313 0.5862
vn -0.9845 0.1527 -0.0859
vn -0.9943 -0.0431 -0.0975
vn -0.9485 0.1559 -0.2759
vn -0.9563 -0.0314 -0.2907
vn -0.8776 0.1596 -0.4520
vn -0.8830 -0.0188 -0.4690
vn -0.9374 0.3403 -0.0741
vn -0.9071 0.3344 -0.2555
vn -0.8447 0.3269 -0.4238
vn -0.8566 0.5117 -0.0662
vn -0.8345 0.4977 -0.2366
vn -0.7894 0.4746 -0.3895
vn -0.9656 -0.2377 -0.1056
vn -0.9000 -0.4212 -0.1125
vn -0.8016 -0.5854 -0.1215
vn -0.9302 -0.2180 -0.2952
vn -0.8712 -0.3939 -0.2930
vn -0.7818 -0.5518 -0.2904
vn -0.8600 -0.1969 -0.4707
vn -0.8103 -0.3632 -0.4599
vn -0.7397 -0.5086 -0.4406
usemtl Earth
s 1
f 387/442/387 388/443/388 389/444/389 390/445/390
f 390/445/390 389/444/389 391/446/391 392/447/392
f 392/447/392 391/446/391 393/448/393 394/449/394
f 394/449/394 393/448/393 395/450/395 396/451/396
f 388/443/388 397/452/397 398/453/398 389/444/389
f 389/444/389 398/453/398 399/454/399 391/446/391
f 391/446/391 399/454/399 400/455/400 393/448/393
f 393/448/393 400/455/400 401/456/401 395/450/395
f 397/452/397 402/457/402 403/458/403 398/453/398
f 398/453/398 403/458/403 404/459/404 399/454/399
f 399/454/399 404/459/404 405/460/405 400/455/400
f 400/455/400 405/460/405 406/461/406 401/456/401
f 402/457/402 407/462/407 408/463/408 403/458/403
f 403/458/403 408/463/408 409/464/409 404/459/404
f 404/459/404 409/464/409 410/465/410 405/460/405
f 405/460/405 410/465/410 411/466/411 406/461/406
f 387/442/387 390/445/390 412/467/412 413/468/413
f 413/468/413 412/467/412 414/469/414 415/470/415
f 415/470/415 414/469/414 416/471/416 417/472/417
f 417/472/417 416/471/416 418/473/418 419/474/419
f 390/445/390 392/447/392 420/475/420 412/467/412
f 412/467/412 420/475/420 421/476/421 414/469/414
f 414/469/414 421/476/421 422/477/422 416/471/416
f 416/471/416 422/477/422 423/478/423 418/473/418
f 392/447/392 394/449/394 424/479/424 420/475/420
f 420/475/420 424/479/424 425/480/425 421/476/421
f 421/476/421 425/480/425 426/481/426 422/477/422
f 422/477/422 426/481/426 427/482/427 423/478/423
f 394/449/394 396/451/396 428/483/428 424/479/424
f 424/479/424 428/483/428 429/484/429 425/480/425
f 425/480/425 429/484/429 430/485/430 426/481/426
f 426/481/426 430/485/430 431/486/431 427/482/427
f 387/442/387 413/468/413 432/487/432 433/488/433
f 433/488/433 432/487/432 434/489/434 435/490/435
f 435/490/435 434/489/434 436/491/436 437/492/437
f 437/492/437 436/491/436 438/493/438 439/494/439
f 413/468/413 415/470/415 440/495/440 432/487/432
f 432/487/432 440/495/440 441/496/441 434/489/434
f 434/489/434 441/496/441 442/497/442 436/491/436
f 436/491/436 442/497/442 443/498/443 438/493/438
f 415/470/415 417/472/417 444/499/444 440/495/440
f 440/495/440 444/499/444 445/500/445 441/496/441
f 441/496/441 445/500/445 446/501/446 442/497/442
f 442/497/442 446/501/446 447/502/447 443/498/443
f 417/472/417 419/474/419 448/503/448 444/499/444
f 444/499/444 448/503/448 449/504/449 445/500/445
f 445/500/445 449/504/449 450/505/450 446/501/446
f 446/501/446 450/505/450 451/506/451 447/502/447
f 387/442/387 433/488/433 452/507/452 388/443/388
f 388/443/388 452/507/452 453/508/453 397/452/397
f 397/452/397 453/508/453 454/509/454 402/457/402
f 402/457/402 454/509/454 455/510/455 407/462/407
f 433/488/433 435/490/435 456/511/456 452/507/452
f 452/507/452 456/511/456 457/512/457 453/508/453
f 453/508/453 457/512/457 458/513/458 454/509/454
f 454/509/454 458/513/458 459/514/459 455/510/455
f 435/490/435 437/492/437 460/515/460 456/511/456
f 456/511/456 460/515/460 461/516/461 457/512/457
f 457/512/457 461/516/461 462/517/462 458/513/458
f 458/513/458 462/517/462 463/518/463 459/514/459
f 437/492/437 439/494/439 464/519/464 460/515/460
f 460/515/460 464/519/464 465/520/465 461/516/461
f 461/516/461 465/520/465 466/521/466 462/517/462
f 462/517/462 466/521/466 467/522/467 463/518/463
f 468/523/468 469/524/469 470/525/470 471/526/471
f 471/526/471 470/525/470 472/527/472 473/528/473
f 473/528/473 472/527/472 474/529/474 475/530/475
f 475/530/475 474/529/474 464/519/464 439/494/439
f 469/524/469 476/531/476 477/532/477 470/525/470
f 470/525/470 477/532/477 478/533/478 472/527/472
f 472/527/472 478/533/478 479/534/479 474/529/474
f 474/529/474 479/534/479 465/520/465 464/519/464
f 476/531/476 480/535/480 481/536/481 477/532/477
f 477/532/477 481/536/481 482/537/482 478/533/478
f 478/533/478 482/537/482 483/538/483 479/534/479
f 479/534/479 483/538/483 466/521/466 465/520/465
f 480/535/480 484/539/484 485/540/485 481/536/481
f 481/536/481 485/540/485 486/541/486 482/537/482
f 482/537/482 486/541/486 487/542/487 483/538/483
f 483/538/483 487/542/487 467/522/467 466/521/466
f 468/523/468 471/526/471 488/543/488 489/544/489
f 489/544/489 488/543/488 490/545/490 491/546/491
f 491/546/491 490/545/490 492/547/492 493/548/493
f 493/548/493 492/547/492 494/549/494 495/550/495
f 471/526/471 473/528/473 496/551/496 488/543/488
f 488/543/488 496/551/496 497/552/497 490/545/490
f 490/545/490 497/552/497 498/553/498 492/547/492
f 492/547/492 498/553/498 499/554/499 494/549/494
f 473/528/473 475/530/475 500/555/500 496/551/496
f 496/551/496 500/555/500 501/556/501 497/552/497
f 497/552/497 501/556/501 502/557/502 498/553/498
f 498/553/498 502/557/502 503/558/503 499/554/499
f 475/530/475 439/494/439 438/493/438 500/555/500
f 500/555/500 438/493/438 443/498/443 501/556/501
f 501/556/501 443/498/443 447/502/447 502/557/502
f 502/557/502 447/502/447 451/506/451 503/558/503
f 468/523/468 489/544/489 504/559/504 505/560/505
f 505/560/505 504/559/504 506/561/506 507/562/507
f 507/562/507 506/561/506 508/563/508 509/564/509
f 509/564/509 508/563/508 510/565/510 511/566/511
f 489/544/489 491/546/491 512/567/512 504/559/504
f 504/559/504 512/567/512 513/568/513 506/561/506
f 506/561/506 513/568/513 514/569/514 508/563/508
f 508/563/508 514/569/514 515/570/515 510/565/510
f 491/546/491 493/548/493 516/571/516 512/567/512
f 512/567/512 516/571/516 517/572/517 513/568/513
f 513/568/513 517/572/517 518/573/518 514/569/514
f 514/569/514 518/573/518 519/574/519 515/570/515
f 493/548/493 495/550/495 520/575/520 516/571/516
f 516/571/516 520/575/520 521/576/521 517/572/517
f 517/572/517 521/576/521 522/577/522 518/573/518
f 518/573/518 522/577/522 523/578/523 519/574/519
f 468/523/468 505/560/505 524/579/524 469/524/469
f 469/524/469 524/579/524 525/580/525 476/531/476
f 476/531/476 525/580/525 526/581/526 480/535/480
f 480/535/480 526/581/526 527/582/527 484/539/484
f 505/560/505 507/562/507 528/583/528 524/579/524
f 524/579/524 528/583/528 529/584/529 525/580/525
f 525/580/525 529/584/529 530/585/530 526/581/526
f 526/581/526 530/585/530 531/586/531 527/582/527
f 507/562/507 509/564/509 532/587/532 528/583/528
f 528/583/528 532/587/532 533/588/533 529/584/529
f 529/584/529 533/588/533 534/589/534 530/585/530
f 530/585/530 534/589/534 535/590/535 531/586/531
f 509/564/509 511/566/511 536/591/536 532/587/532
f 532/587/532 536/591/536 537/592/537 533/588/533
f 533/588/533 537/592/537 538/593/538 534/589/534
f 534/589/534 538/593/538 539/594/539 535/590/535
f 540/595/540 541/596/541 542/597/542 543/598/543
f 543/598/543 542/597/542 544/599/544 545/600/545
f 545/600/545 544/599/544 546/601/546 547/602/547
f 547/602/547 546/601/546 536/591/536 511/566/511
f 541/596/541 548/603/548 549/604/549 542/597/542
f 542/597/542 549/604/549 550/605/550 544/599/544
f 544/599/544 550/605/550 551/606/551 546/601/546
f 546/601/546 551/606/551 537/592/537 536/591/536
f 548/603/548 552/607/552 553/608/553 549/604/549
f 549/604/549 553/608/553 554/609/554 550/605/550
f 550/605/550 554/609/554 555/610/555 551/606/551
f 551/606/551 555/610/555 538/593/538 537/592/537
f 552/607/552 556/611/556 557/612/557 553/608/553
f 553/608/553 557/612/557 558/613/558 554/609/554
f 554/609/554 558/613/558 559/614/559 555/610/555
f 555/610/555 559/614/559 539/594/539 538/593/538
f 540/595/540 543/598/543 560/615/560 561/616/561
f 561/616/561 560/615/560 562/617/562 563/618/563
f 563/618/563 562/617/562 564/619/564 565/620/565
f 565/620/565 564/619/564 566/621/566 567/622/567
f 543/598/543 545/600/545 568/623/568 560/615/560
f 560/615/560 568/623/568 569/624/569 562/617/562
f 562/617/562 569/624/569 570/625/570 564/619/564
f 564/619/564 570/625/570 571/626/571 566/621/566
f 545/600/545 547/602/547 572/627/572 568/623/568
f 568/623/568 572/627/572 573/628/573 569/624/569
f 569/624/569 573/628/573 574/629/574 570/625/570
f 570/625/570 574/629/574 575/630/575 571/626/571
f 547/602/547 511/566/511 510/565/510 572/627/572
f 572/627/572 510/565/510 515/570/515 573/628/573
f 573/628/573 515/570/515 519/574/519 574/629/574
f 574/629/574 519/574/519 523/578/523 575/630/575
f 540/595/540 561/616/561 576/631/576 577/632/577
f 577/632/577 576/631/576 578/633/578 579/634/579
f 579/634/579 578/633/578 580/635/580 581/636/581
f 581/636/581 580/635/580 582/637/582 583/638/583
f 561/616/561 563/618/563 584/639/584 576/631/576
f 576/631/576 584/639/584 585/640/585 578/633/578
f 578/633/578 585/640/585 586/641/586 580/635/580
f 580/635/580 586/641/586 587/642/587 582/637/582
f 563/618/563 565/620/565 588/643/588 584/639/584
f 584/639/584 588/643/588 589/644/589 585/640/585
f 585/640/585 589/644/589 590/645/590 586/641/586
f 586/641/586 590/645/590 591/646/591 587/642/587
f 565/620/565 567/622/567 592/647/592 588/643/588
f 588/643/588 592/647/592 593/648/593 589/644/589
f 589/644/589 593/648/593 594/649/594 590/645/590
f 590/645/590 594/649/594 595/650/595 591/646/591
f 540/595/540 577/632/577 596/651/596 541/596/541
f 541/596/541 596/651/596 597/652/597 548/603/548
f 548/603/548 597/652/597 598/653/598 552/607/552
f 552/607/552 598/653/598 599/654/599 556/611/556
f 577/632/577 579/634/579 600/655/600 596/651/596
f 596/651/596 600/655/600 601/656/601 597/652/597
f 597/652/597 601/656/601 602/657/602 598/653/598
f 598/653/598 602/657/602 603/658/603 599/654/599
f 579/634/579 581/636/581 604/659/604 600/655/600
f 600/655/600 604/659/604 605/660/605 601/656/601
f 601/656/601 605/660/605 606/661/606 602/657/602
f 602/657/602 606/661/606 607/662/607 603/658/603
f 581/636/581 583/638/583 608/663/608 604/659/604
f 604/659/604 608/663/608 609/664/609 605/660/605
f 605/660/605 609/664/609 610/665/610 606/661/606
f 606/661/606 610/665/610 611/666/611 607/662/607
f 612/667/612 613/668/613 614/669/614 615/670/615
f 615/670/615 614/669/614 616/671/616 617/672/617
f 617/672/617 616/671/616 618/673/618 619/674/619
f 619/674/619 618/673/618 608/675/608 583/676/583
f 613/668/613 620/677/620 621/678/621 614/669/614
f 614/669/614 621/678/621 622/679/622 616/671/616
f 616/671/616 622/679/622 623/680/623 618/673/618
f 618/673/618 623/680/623 609/681/609 608/675/608
f 620/677/620 624/682/624 625/683/625 621/678/621
f 621/678/621 625/683/625 626/684/626 622/679/622
f 622/679/622 626/684/626 627/685/627 623/680/623
f 623/680/623 627/685/627 610/686/610 609/681/609
f 624/682/624 628/687/628 629/688/629 625/683/625
f 625/683/625 629/688/629 630/689/630 626/684/626
f 626/684/626 630/689/630 631/690/631 627/685/627
f 627/685/627 631/690/631 611/691/611 610/686/610
f 612/667/612 615/670/615 632/692/632 633/693/633
f 633/693/633 632/692/632 634/694/634 635/695/635
f 635/695/635 634/694/634 636/696/636 637/697/637
f 637/697/637 636/696/636 638/698/638 639/699/639
f 615/670/615 617/672/617 640/700/640 632/692/632
f 632/692/632 640/700/640 641/701/641 634/694/634
f 634/694/634 641/701/641 642/702/642 636/696/636
f 636/696/636 642/702/642 643/703/643 638/698/638
f 617/672/617 619/674/619 644/704/644 640/700/640
f 640/700/640 644/704/644 645/705/645 641/701/641
f 641/701/641 645/705/645 646/706/646 642/702/642
f 642/702/642 646/706/646 647/707/647 643/703/643
f 619/674/619 583/676/583 582/708/582 644/704/644
f 644/704/644 582/708/582 587/709/587 645/705/645
f 645/705/645 587/709/587 591/710/591 646/706/646
f 646/706/646 591/710/591 595/711/595 647/707/647
f 612/667/612 633/693/633 648/712/648 649/713/649
f 649/713/649 648/712/648 650/714/650 651/715/651
f 651/715/651 650/714/650 652/716/652 653/717/653
f 653/717/653 652/716/652 428/718/428 396/719/396
f 633/693/633 635/695/635 654/720/654 648/712/648
f 648/712/648 654/720/654 655/721/655 650/714/650
f 650/714/650 655/721/655 656/722/656 652/716/652
f 652/716/652 656/722/656 429/723/429 428/718/428
f 635/695/635 637/697/637 657/724/657 654/720/654
f 654/720/654 657/724/657 658/725/658 655/721/655
f 655/721/655 658/725/658 659/726/659 656/722/656
f 656/722/656 659/726/659 430/727/430 429/723/429
f 637/697/637 639/699/639 660/728/660 657/724/657
f 657/724/657 660/728/660 661/729/661 658/725/658
f 658/725/658 661/729/661 662/730/662 659/726/659
f 659/726/659 662/730/662 431/731/431 430/727/430
f 612/667/612 649/713/649 663/732/663 613/668/613
f 613/668/613 663/732/663 664/733/664 620/677/620
f 620/677/620 664/733/664 665/734/665 624/682/624
f 624/682/624 665/734/665 666/735/666 628/687/628
f 649/713/649 651/715/651 667/736/667 663/732/663
f 663/732/663 667/736/667 668/737/668 664/733/664
f 664/733/664 668/737/668 669/738/669 665/734/665
f 665/734/665 669/738/669 670/739/670 666/735/666
f 651/715/651 653/717/653 671/740/671 667/736/667
f 667/736/667 671/740/671 672/741/672 668/737/668
f 668/737/668 672/741/672 673/742/673 669/738/669
f 669/738/669 673/742/673 674/743/674 670/739/670
f 653/717/653 396/719/396 395/744/395 671/740/671
f 671/740/671 395/744/395 401/745/401 672/741/672
f 672/741/672 401/745/401 406/746/406 673/742/673
f 673/742/673 406/746/406 411/747/411 674/743/674
f 675/748/675 676/749/676 677/750/677 678/751/678
f 678/751/678 677/750/677 679/752/679 680/753/680
f 680/753/680 679/752/679 681/754/681 682/755/682
f 682/755/682 681/754/681 485/540/485 484/539/484
f 676/749/676 683/756/683 684/757/684 677/750/677
f 677/750/677 684/757/684 685/758/685 679/752/679
f 679/752/679 685/758/685 686/759/686 681/754/681
f 681/754/681 686/759/686 486/541/486 485/540/485
f 683/756/683 687/760/687 688/761/688 684/757/684
f 684/757/684 688/761/688 689/762/689 685/758/685
f 685/758/685 689/762/689 690/763/690 686/759/686
f 686/759/686 690/763/690 487/542/487 486/541/486
f 687/760/687 407/764/407 455/765/455 688/761/688
f 688/761/688 455/765/455 459/766/459 689/762/689
f 689/762/689 459/766/459 463/767/463 690/763/690
f 690/763/690 463/767/463 467/522/467 487/542/487
f 675/748/675 678/751/678 691/768/691 692/769/692
f 692/769/692 691/768/691 693/770/693 694/771/694
f 694/771/694 693/770/693 695/772/695 696/773/696
f 696/773/696 695/772/695 557/774/557 556/775/556
f 678/751/678 680/753/680 697/776/697 691/768/691
f 691/768/691 697/776/697 698/777/698 693/770/693
f 693/770/693 698/777/698 699/778/699 695/772/695
f 695/772/695 699/778/699 558/779/558 557/774/557
f 680/753/680 682/755/682 700/780/700 697/776/697
f 697/776/697 700/780/700 701/781/701 698/777/698
f 698/777/698 701/781/701 702/782/702 699/778/699
f 699/778/699 702/782/702 559/783/559 558/779/558
f 682/755/682 484/539/484 527/582/527 700/780/700
f 700/780/700 527/582/527 531/586/531 701/781/701
f 701/781/701 531/586/531 535/590/535 702/782/702
f 702/782/702 535/590/535 539/594/539 559/783/559
f 675/748/675 692/769/692 703/784/703 704/785/704
f 704/785/704 703/784/703 705/786/705 706/787/706
f 706/787/706 705/786/705 707/788/707 708/789/708
f 708/789/708 707/788/707 629/688/629 628/687/628
f 692/769/692 694/771/694 709/790/709 703/784/703
f 703/784/703 709/790/709 710/791/710 705/786/705
f 705/786/705 710/791/710 711/792/711 707/788/707
f 707/788/707 711/792/711 630/689/630 629/688/629
f 694/771/694 696/773/696 712/793/712 709/790/709
f 709/790/709 712/793/712 713/794/713 710/791/710
f 710/791/710 713/794/713 714/795/714 711/792/711
f 711/792/711 714/795/714 631/690/631 630/689/630
f 696/773/696 556/775/556 599/796/599 712/793/712
f 712/793/712 599/796/599 603/797/603 713/794/713
f 713/794/713 603/797/603 607/798/607 714/795/714
f 714/795/714 607/798/607 611/691/611 631/690/631
f 675/748/675 704/785/704 715/799/715 676/749/676
f 676/749/676 715/799/715 716/800/716 683/756/683
f 683/756/683 716/800/716 717/801/717 687/760/687
f 687/760/687 717/801/717 408/802/408 407/764/407
f 704/785/704 706/787/706 718/803/718 715/799/715
f 715/799/715 718/803/718 719/804/719 716/800/716
f 716/800/716 719/804/719 720/805/720 717/801/717
f 717/801/717 720/805/720 409/806/409 408/802/408
f 706/787/706 708/789/708 721/807/721 718/803/718
f 718/803/718 721/807/721 722/808/722 719/804/719
f 719/804/719 722/808/722 723/809/723 720/805/720
f 720/805/720 723/809/723 410/810/410 409/806/409
f 708/789/708 628/687/628 666/735/666 721/807/721
f 721/807/721 666/735/666 670/739/670 722/808/722
f 722/808/722 670/739/670 674/743/674 723/809/723
f 723/809/723 674/743/674 411/747/411 410/810/410
f 724/811/724 725/812/725 726/813/726 727/814/727
f 727/814/727 726/813/726 728/815/728 729/816/729
f 729/816/729 728/815/728 730/817/730 731/818/731
f 731/818/731 730/817/730 520/575/520 495/550/495
f 725/812/725 732/819/732 733/820/733 726/813/726
f 726/813/726 733/820/733 734/821/734 728/815/728
f 728/815/728 734/821/734 735/822/735 730/817/730
f 730/817/730 735/822/735 521/576/521 520/575/520
f 732/819/732 736/823/736 737/824/737 733/820/733
f 733/820/733 737/824/737 738/825/738 734/821/734
f 734/821/734 738/825/738 739/826/739 735/822/735
f 735/822/735 739/826/739 522/577/522 521/576/521
f 736/823/736 567/827/567 566/828/566 737/824/737
f 737/824/737 566/828/566 571/829/571 738/825/738
f 738/825/738 571/829/571 575/830/575 739/826/739
f 739/826/739 575/830/575 523/578/523 522/577/522
f 724/811/724 727/814/727 740/831/740 741/832/741
f 741/832/741 740/831/740 742/833/742 743/834/743
f 743/834/743 742/833/742 744/835/744 745/836/745
f 745/836/745 744/835/744 448/837/448 419/838/419
f 727/814/727 729/816/729 746/839/746 740/831/740
f 740/831/740 746/839/746 747/840/747 742/833/742
f 742/833/742 747/840/747 748/841/748 744/835/744
f 744/835/744 748/841/748 449/842/449 448/837/448
f 729/816/729 731/818/731 749/843/749 746/839/746
f 746/839/746 749/843/749 750/844/750 747/840/747
f 747/840/747 750/844/750 751/845/751 748/841/748
f 748/841/748 751/845/751 450/846/450 449/842/449
f 731/818/731 495/550/495 494/549/494 749/843/749
f 749/843/749 494/549/494 499/554/499 750/844/750
f 750/844/750 499/554/499 503/558/503 751/845/751
f 751/845/751 503/558/503 451/506/451 450/846/450
f 724/811/724 741/832/741 752/847/752 753/848/753
f 753/848/753 752/847/752 754/849/754 755/850/755
f 755/850/755 754/849/754 756/851/756 757/852/757
f 757/852/757 756/851/756 660/853/660 639/854/639
f 741/832/741 743/834/743 758/855/758 752/847/752
f 752/847/752 758/855/758 759/856/759 754/849/754
f 754/849/754 759/856/759 760/857/760 756/851/756
f 756/851/756 760/857/760 661/858/661 660/853/660
f 743/834/743 745/836/745 761/859/761 758/855/758
f 758/855/758 761/859/761 762/860/762 759/856/759
f 759/856/759 762/860/762 763/861/763 760/857/760
f 760/857/760 763/861/763 662/862/662 661/858/661
f 745/836/745 419/838/419 418/863/418 761/859/761
f 761/859/761 418/863/418 423/864/423 762/860/762
f 762/860/762 423/864/423 427/865/427 763/861/763
f 763/861/763 427/865/427 431/866/431 662/862/662
f 724/811/724 753/848/753 764/867/764 725/812/725
f 725/812/725 764/867/764 765/868/765 732/819/732
f 732/819/732 765/868/765 766/869/766 736/823/736
f 736/823/736 766/869/766 592/870/592 567/827/567
f 753/848/753 755/850/755 767/871/767 764/867/764
f 764/867/764 767/871/767 768/872/768 765/868/765
f 765/868/765 768/872/768 769/873/769 766/869/766
f 766/869/766 769/873/769 593/874/593 592/870/592
f 755/850/755 757/852/757 770/875/770 767/871/767
f 767/871/767 770/875/770 771/876/771 768/872/768
f 768/872/768 771/876/771 772/877/772 769/873/769
f 769/873/769 772/877/772 594/878/594 593/874/593
f 757/852/757 639/854/639 638/879/638 770/875/770
f 770/875/770 638/879/638 643/880/643 771/876/771
f 771/876/771 643/880/643 647/881/647 772/877/772
f 772/877/772 647/881/647 595/882/595 594/878/594
o Mars_Cube.002
v 1.660274 3.492836 12.458395
v 1.068833 3.793880 12.268509
v 1.264256 4.355484 12.584765
v 1.846268 4.071221 12.778412
v 1.397866 4.853613 12.999555
v 1.955064 4.589286 13.194289
v 1.456052 5.273220 13.483740
v 1.986917 5.026035 13.678747
v 1.429782 5.611133 14.012259
v 1.946919 5.373917 14.210788
v 0.444360 4.051203 12.206011
v 0.644073 4.585418 12.507151
v 0.801708 5.054132 12.902535
v 0.893556 5.443312 13.362457
v 0.888673 5.756868 13.860645
v -0.179313 4.254732 12.265471
v 0.021994 4.762812 12.549183
v 0.205459 5.198297 12.914598
v 0.345926 5.543342 13.325397
v 0.375546 5.815072 13.760677
v -0.781109 4.401775 12.435335
v -0.575598 4.896336 12.708170
v -0.360792 5.311128 13.048776
v -0.157192 5.624790 13.414749
v -0.005841 5.812301 13.711582
v 2.353443 3.738401 13.072725
v 2.181638 3.165554 12.766904
v 2.762615 3.386393 13.454327
v 2.604607 2.832341 13.171518
v 3.063602 3.043819 13.905026
v 2.916144 2.510009 13.644842
v 3.257618 2.733362 14.411076
v 3.115836 2.207886 14.165968
v 2.439804 4.261579 13.465748
v 2.830533 3.902767 13.808673
v 3.115854 3.549442 14.211063
v 3.298681 3.241657 14.673873
v 2.450813 4.706870 13.927675
v 2.822662 4.346459 14.222184
v 3.088682 3.986677 14.545312
v 3.254350 3.692128 14.928371
v 2.401514 5.057435 14.444422
v 2.766693 4.688198 14.695079
v 3.027837 4.308555 14.937628
v 3.173496 4.009292 15.120835
v 1.923419 2.579680 12.561684
v 1.405922 2.887220 12.256577
v 1.602962 2.007689 12.472227
v 1.099985 2.290745 12.181725
v 1.248544 1.470741 12.502286
v 0.761139 1.732230 12.228752
v 0.885251 0.978797 12.649534
v 0.403005 1.226983 12.386678
v 2.352390 2.278398 12.965717
v 2.031189 1.745159 12.857673
v 1.674911 1.251036 12.858827
v 1.322206 0.795776 12.982189
v 2.673055 1.986647 13.439233
v 2.357786 1.499052 13.307993
v 2.009574 1.071024 13.261855
v 1.684174 0.681581 13.342217
v 2.877046 1.701408 13.957044
v 2.562343 1.246869 13.796406
v 2.212848 0.874191 13.689167
v 1.923364 0.630611 13.635410
v 0.831660 3.194094 12.073609
v 0.229350 3.472751 12.018347
v -0.374095 3.699872 12.083158
v -0.961989 3.858311 12.253907
v 0.556516 2.595048 12.005837
v -0.005567 2.888290 11.951197
v -0.562387 3.137735 12.011124
v -1.107395 3.305640 12.170898
v 0.248210 2.031319 12.058114
v -0.264005 2.337713 11.998690
v -0.745220 2.615180 12.041447
v -1.211310 2.793716 12.175045
v -0.092353 1.526417 12.217130
v -0.566146 1.853735 12.147334
v -0.980772 2.174956 12.164759
v -1.269120 2.419947 12.225639
v -1.094713 -0.097029 14.050886
v -1.630791 0.279966 13.832319
v -1.269344 0.458878 13.289299
v -0.735650 0.095351 13.492821
v -0.872529 0.734234 12.831855
v -0.353730 0.394870 13.019964
v -0.471714 1.093712 12.473938
v 0.030145 0.778663 12.649957
v -2.089986 0.752071 13.679017
v -1.737999 0.912099 13.160801
v -1.340802 1.150478 12.725785
v -0.936585 1.462338 12.388525
v -2.455335 1.288337 13.593568
v -2.116050 1.430594 13.098960
v -1.725104 1.623632 12.688431
v -1.326335 1.858642 12.379574
v -2.722982 1.865743 13.572928
v -2.389504 1.995449 13.089811
v -1.997060 2.145564 12.691254
v -1.590800 2.299212 12.396659
v -0.172499 -0.159024 13.770780
v -0.512356 -0.352239 14.323409
v 0.393768 -0.288237 14.096845
v 0.079886 -0.473416 14.632015
v 0.941182 -0.289536 14.441929
v 0.651251 -0.464035 14.958456
v 1.458656 -0.167700 14.781061
v 1.184175 -0.335155 15.290246
v 0.177606 0.144353 13.293467
v 0.702309 0.003006 13.624022
v 1.202355 -0.020028 13.975840
v 1.678945 0.082515 14.308607
v 0.530502 0.531850 12.915672
v 1.005576 0.373448 13.244459
v 1.432151 0.311969 13.595192
v 1.836088 0.377824 13.907232
v -0.832264 -0.417928 14.916214
v -1.408078 -0.167340 14.662081
v -1.104719 -0.359012 15.519635
v -1.658422 -0.115215 15.288142
v -1.308612 -0.190478 16.108173
v -1.838010 0.047477 15.896678
v -1.429781 0.068867 16.667742
v -1.946919 0.306083 16.469213
v -0.237776 -0.537594 15.192789
v -0.526449 -0.482022 15.756383
v -0.755106 -0.321411 16.300022
v -0.888673 -0.076868 16.819355
v 0.338940 -0.528923 15.487733
v 0.035172 -0.483560 16.002621
v -0.225813 -0.345750 16.474176
v -0.375546 -0.135072 16.919323
v 0.871938 -0.402380 15.801571
v 0.545378 -0.370217 16.279905
v 0.235849 -0.259989 16.689367
v 0.005841 -0.132301 16.968418
v -1.926512 0.202658 14.434832
v -2.365007 0.667438 14.256917
v -2.712713 1.196999 14.144974
v -2.970377 1.766857 14.110537
v -2.150314 0.235563 15.058201
v -2.561579 0.673718 14.858454
v -2.882460 1.170304 14.715588
v -3.120327 1.703556 14.662940
v -2.305236 0.377170 15.666662
v -2.687425 0.777675 15.444479
v -2.972228 1.213454 15.259030
v -3.178403 1.674548 15.179284
v -2.401514 0.622565 16.235579
v -2.766693 0.991802 15.984921
v -3.027836 1.371445 15.742373
v -3.173496 1.670708 15.559165
v -1.660274 2.187163 18.221605
v -2.181638 2.514446 17.913095
v -2.353443 1.941598 17.607275
v -1.846268 1.608778 17.901588
v -2.439804 1.418422 17.214252
v -1.955064 1.090714 17.485710
v -2.450813 0.973130 16.752325
v -1.986917 0.653964 17.001253
v -2.604607 2.847659 17.508484
v -2.762614 2.293607 17.225674
v -2.830533 1.777233 16.871326
v -2.822662 1.333541 16.457815
v -2.916144 3.169991 17.035158
v -3.063602 2.636181 16.774975
v -3.115854 2.130558 16.468937
v -3.088682 1.693323 16.134687
v -3.115836 3.472113 16.514032
v -3.257618 2.946638 16.268925
v -3.298681 2.438343 16.006126
v -3.254349 1.987872 15.751629
v -1.264256 1.324516 18.095234
v -1.068833 1.886119 18.411491
v -0.644073 1.094581 18.172850
v -0.444360 1.628796 18.473989
v -0.021994 0.917188 18.130817
v 0.179314 1.425267 18.414530
v 0.575598 0.783664 17.971830
v 0.781109 1.278224 18.244665
v -1.397866 0.826386 17.680447
v -0.801708 0.625867 17.777464
v -0.205459 0.481704 17.765402
v 0.360792 0.368872 17.631226
v -1.456052 0.406780 17.196260
v -0.893556 0.236688 17.317543
v -0.345926 0.136658 17.354603
v 0.157192 0.055210 17.265249
v -0.831660 2.485905 18.606392
v -1.405922 2.792779 18.423426
v -0.556516 3.084951 18.674164
v -1.099985 3.389254 18.498276
v -0.248210 3.648681 18.621887
v -0.761138 3.947769 18.451248
v 0.092353 4.153583 18.462872
v -0.403005 4.453016 18.293322
v -0.229350 2.207248 18.661654
v 0.005567 2.791709 18.728804
v 0.264005 3.342286 18.681311
v 0.566146 3.826263 18.532665
v 0.374095 1.980129 18.596844
v 0.562387 2.542264 18.668877
v 0.745220 3.064820 18.638554
v 0.980772 3.505044 18.515242
v 0.961989 1.821688 18.426094
v 1.107395 2.374360 18.509102
v 1.211310 2.886283 18.504955
v 1.269120 3.260052 18.454361
v -1.923419 3.100319 18.118317
v -2.352390 3.401602 17.714283
v -2.673055 3.693353 17.240767
v -2.877046 3.978592 16.722956
v -1.602962 3.672311 18.207773
v -2.031189 3.934841 17.822327
v -2.357786 4.180947 17.372007
v -2.562343 4.433131 16.883595
v -1.248544 4.209259 18.177715
v -1.674911 4.428964 17.821173
v -2.009574 4.608975 17.418146
v -2.212848 4.805809 16.990833
v -0.885251 4.701202 18.030466
v -1.322206 4.884223 17.697811
v -1.684174 4.998419 17.337782
v -1.923364 5.049389 17.044590
v 1.094714 5.777029 16.629114
v 0.512356 6.032239 16.356592
v 0.172499 5.839024 16.909220
v 0.735650 5.584649 17.187180
v -0.177606 5.535646 17.386534
v 0.353730 5.285130 17.660036
v -0.530502 5.148149 17.764328
v -0.030145 4.901337 18.030043
v -0.079886 6.153416 16.047985
v -0.393768 5.968237 16.583157
v -0.702309 5.676993 17.055977
v -1.005576 5.306552 17.435541
v -0.651251 6.144035 15.721544
v -0.941182 5.969536 16.238073
v -1.202355 5.700027 16.704161
v -1.432151 5.368031 17.084808
v -1.184175 6.015155 15.389754
v -1.458657 5.847700 15.898941
v -1.678945 5.597485 16.371393
v -1.836088 5.302176 16.772768
v 1.269344 5.221122 17.390701
v 1.630791 5.400034 16.847681
v 1.737999 4.767900 17.519199
v 2.089986 4.927929 17.000984
v 2.116050 4.249404 17.581039
v 2.455335 4.391662 17.086432
v 2.389504 3.684551 17.590191
v 2.722982 3.814257 17.107073
v 0.872529 4.945765 17.848145
v 1.340802 4.529521 17.954216
v 1.725104 4.056367 17.991570
v 1.997060 3.534436 17.988747
v 0.471714 4.586287 18.206062
v 0.936585 4.217661 18.291475
v 1.326335 3.821357 18.300426
v 1.590801 3.380787 18.283340
v 1.926512 5.477342 16.245169
v 1.408078 5.847340 16.017920
v 2.150314 5.444437 15.621799
v 1.658422 5.795215 15.391858
v 2.305236 5.302830 15.013338
v 1.838009 5.632522 14.783322
v 2.365007 5.012562 16.423084
v 2.561579 5.006282 15.821547
v 2.687425 4.902325 15.235521
v 2.712713 4.483001 16.535027
v 2.882460 4.509695 15.964413
v 2.972229 4.466546 15.420970
v 2.970376 3.913142 16.569464
v 3.120327 3.976443 16.017061
v 3.178402 4.005452 15.500716
v 0.832264 6.097928 15.763786
v 0.237776 6.217594 15.487211
v -0.338940 6.208923 15.192267
v -0.871938 6.082380 14.878429
v 1.104719 6.039012 15.160365
v 0.526449 6.162021 14.923617
v -0.035172 6.163560 14.677380
v -0.545378 6.050217 14.400095
v 1.308612 5.870478 14.571828
v 0.755106 6.001411 14.379978
v 0.225813 6.025750 14.205825
v -0.235849 5.939989 13.990631
v -2.759389 4.388523 14.125835
v -2.370055 4.490513 13.566586
v -2.538435 3.876954 13.348162
v -2.921452 3.764487 13.891970
v -2.599478 3.235589 13.201642
v -2.964223 3.116109 13.720279
v -2.549460 2.600676 13.119791
v -2.894341 2.476671 13.614563
v -1.891829 4.524293 13.088225
v -2.064304 3.937300 12.886242
v -2.148210 3.322902 12.763500
v -2.131267 2.717405 12.707697
v -1.354648 4.492692 12.709432
v -1.530087 3.933935 12.520693
v -1.641925 3.356607 12.420488
v -1.678378 2.804781 12.395826
v -3.188108 3.616404 14.491756
v -3.034140 4.223021 14.733701
v -3.329206 3.431187 15.109272
v -3.182242 4.005987 15.352748
v -3.348694 3.208776 15.709606
v -3.206270 3.751981 15.951945
v -3.221073 2.987791 14.296352
v -3.359645 2.840729 14.893755
v -3.382027 2.665726 15.473687
v -3.143368 2.365480 14.165088
v -3.283867 2.261316 14.733620
v -3.318845 2.156445 15.273885
v -2.760586 4.776334 14.999224
v -2.483893 4.949833 14.409824
v -2.388537 5.243763 15.283722
v -2.113922 5.416959 14.726025
v -1.946094 5.604029 15.583344
v -1.674107 5.773161 15.056649
v -2.920786 4.540054 15.595300
v -2.563421 4.999845 15.840295
v -2.139708 5.358479 16.091845
v -2.959064 4.266391 16.174086
v -2.625547 4.716885 16.374487
v -2.241551 5.072977 16.554749
v -2.108363 5.039561 13.855720
v -1.651414 5.050850 13.372433
v -1.134935 4.997326 12.985384
v -1.762467 5.496249 14.189172
v -1.344099 5.490270 13.710333
v -0.875696 5.417949 13.321663
v -1.346647 5.845010 14.538249
v -0.977343 5.824761 14.066284
v -0.589075 5.733834 13.677153
v 2.759389 1.291477 16.554165
v 2.370055 1.189487 17.113415
v 2.108363 0.640439 16.824280
v 2.483893 0.730167 16.270176
v 1.762467 0.183751 16.490828
v 2.113922 0.263041 15.953976
v 1.346647 -0.165011 16.141752
v 1.674107 -0.093161 15.623351
v 1.891829 1.155707 17.591774
v 1.651414 0.629150 17.307568
v 1.344099 0.189730 16.969667
v 0.977343 -0.144761 16.613714
v 1.354648 1.187308 17.970570
v 1.134935 0.682673 17.694616
v 0.875696 0.262051 17.358337
v 0.589075 -0.053835 17.002848
v 2.760586 0.903666 15.680777
v 3.034140 1.456979 15.946300
v 2.920786 1.139946 15.084701
v 3.182242 1.674013 15.327252
v 2.959064 1.413609 14.505915
v 3.206270 1.928019 14.728055
v 2.388537 0.436237 15.396278
v 2.563421 0.680155 14.839705
v 2.625547 0.963115 14.305513
v 1.946094 0.075971 15.096657
v 2.139708 0.321521 14.588156
v 2.241551 0.607023 14.125251
v 3.188108 2.063596 16.188244
v 2.921452 1.915513 16.788031
v 3.221073 2.692209 16.383648
v 2.964223 2.563890 16.959721
v 3.143368 3.314519 16.514912
v 2.894341 3.203329 17.065437
v 3.329206 2.248813 15.570728
v 3.359645 2.839271 15.786245
v 3.283867 3.418684 15.946381
v 3.348694 2.471224 14.970394
v 3.382027 3.014274 15.206313
v 3.318845 3.523555 15.406116
v 2.538435 1.803046 17.331839
v 2.064304 1.742700 17.793758
v 1.530086 1.746064 18.159307
v 2.599478 2.444411 17.478359
v 2.148210 2.357098 17.916500
v 1.641925 2.323392 18.259512
v 2.549460 3.079324 17.560209
v 2.131267 2.962595 17.972303
v 1.678378 2.875218 18.284174
vt 0.377248 0.825350
vt 0.407951 0.825350
vt 0.407951 0.866013
vt 0.377248 0.866013
vt 0.407951 0.906677
vt 0.377248 0.906677
vt 0.407951 0.947341
vt 0.377248 0.947341
vt 0.407951 0.988004
vt 0.377248 0.988004
vt 0.438654 0.825350
vt 0.438654 0.866013
vt 0.438654 0.906677
vt 0.438654 0.947341
vt 0.438654 0.988004
vt 0.469357 0.825350
vt 0.469357 0.866013
vt 0.469357 0.906677
vt 0.469357 0.947341
vt 0.469357 0.988004
vt 0.500060 0.825350
vt 0.500060 0.866013
vt 0.500060 0.906677
vt 0.500060 0.947341
vt 0.500060 0.988004
vt 0.346545 0.866013
vt 0.346545 0.825350
vt 0.315842 0.866013
vt 0.315842 0.825350
vt 0.285138 0.866013
vt 0.285138 0.825350
vt 0.254435 0.866013
vt 0.254435 0.825350
vt 0.346545 0.906677
vt 0.315842 0.906677
vt 0.285138 0.906677
vt 0.254435 0.906677
vt 0.346545 0.947341
vt 0.315842 0.947341
vt 0.285138 0.947341
vt 0.254435 0.947341
vt 0.346545 0.988004
vt 0.315842 0.988004
vt 0.285138 0.988004
vt 0.254435 0.988004
vt 0.346545 0.784686
vt 0.377248 0.784686
vt 0.346545 0.744022
vt 0.377248 0.744022
vt 0.346545 0.703358
vt 0.377248 0.703358
vt 0.346545 0.662695
vt 0.377248 0.662695
vt 0.315842 0.784686
vt 0.315842 0.744022
vt 0.315842 0.703358
vt 0.315842 0.662695
vt 0.285138 0.784686
vt 0.285138 0.744022
vt 0.285138 0.703358
vt 0.285138 0.662695
vt 0.254435 0.784686
vt 0.254435 0.744022
vt 0.254435 0.703358
vt 0.254435 0.662695
vt 0.407951 0.784686
vt 0.438654 0.784686
vt 0.469357 0.784686
vt 0.500060 0.784686
vt 0.407951 0.744022
vt 0.438654 0.744022
vt 0.469357 0.744022
vt 0.500060 0.744022
vt 0.407951 0.703358
vt 0.438654 0.703358
vt 0.469357 0.703358
vt 0.500060 0.703358
vt 0.407951 0.662695
vt 0.438654 0.662695
vt 0.469357 0.662695
vt 0.500060 0.662695
vt 0.377248 0.499960
vt 0.407951 0.499960
vt 0.407951 0.540644
vt 0.377248 0.540644
vt 0.407951 0.581327
vt 0.377248 0.581327
vt 0.407951 0.622011
vt 0.377248 0.622011
vt 0.438654 0.499960
vt 0.438654 0.540644
vt 0.438654 0.581327
vt 0.438654 0.622011
vt 0.469357 0.499960
vt 0.469357 0.540644
vt 0.469357 0.581327
vt 0.469357 0.622011
vt 0.500060 0.499960
vt 0.500060 0.540644
vt 0.500060 0.581327
vt 0.500060 0.622011
vt 0.346545 0.540644
vt 0.346545 0.499960
vt 0.315842 0.540644
vt 0.315842 0.499960
vt 0.285138 0.540644
vt 0.285138 0.499960
vt 0.254435 0.540644
vt 0.254435 0.499960
vt 0.346545 0.581327
vt 0.315842 0.581327
vt 0.285138 0.581327
vt 0.254435 0.581327
vt 0.346545 0.622011
vt 0.315842 0.622011
vt 0.285138 0.622011
vt 0.254435 0.622011
vt 0.346545 0.459277
vt 0.377248 0.459277
vt 0.346545 0.418593
vt 0.377248 0.418593
vt 0.346545 0.377910
vt 0.377248 0.377910
vt 0.346545 0.337226
vt 0.377248 0.337226
vt 0.315842 0.459277
vt 0.315842 0.418593
vt 0.315842 0.377910
vt 0.315842 0.337226
vt 0.285138 0.459277
vt 0.285138 0.418593
vt 0.285138 0.377910
vt 0.285138 0.337226
vt 0.254435 0.459277
vt 0.254435 0.418593
vt 0.254435 0.377910
vt 0.254435 0.337226
vt 0.407951 0.459277
vt 0.438654 0.459277
vt 0.469357 0.459277
vt 0.500060 0.459277
vt 0.407951 0.418593
vt 0.438654 0.418593
vt 0.469357 0.418593
vt 0.500060 0.418593
vt 0.407951 0.377910
vt 0.438654 0.377910
vt 0.469357 0.377910
vt 0.500060 0.377910
vt 0.407951 0.337226
vt 0.438654 0.337226
vt 0.469357 0.337226
vt 0.500060 0.337226
vt 0.377248 0.174611
vt 0.407951 0.174611
vt 0.407951 0.215265
vt 0.377248 0.215265
vt 0.407951 0.255918
vt 0.377248 0.255918
vt 0.407951 0.296572
vt 0.377248 0.296572
vt 0.438654 0.174611
vt 0.438654 0.215265
vt 0.438654 0.255918
vt 0.438654 0.296572
vt 0.469357 0.174611
vt 0.469357 0.215265
vt 0.469357 0.255918
vt 0.469357 0.296572
vt 0.500060 0.174611
vt 0.500060 0.215265
vt 0.500060 0.255918
vt 0.500060 0.296572
vt 0.346545 0.215265
vt 0.346545 0.174611
vt 0.315842 0.215265
vt 0.315842 0.174611
vt 0.285138 0.215265
vt 0.285138 0.174611
vt 0.254435 0.215265
vt 0.254435 0.174611
vt 0.346545 0.255918
vt 0.315842 0.255918
vt 0.285138 0.255918
vt 0.254435 0.255918
vt 0.346545 0.296572
vt 0.315842 0.296572
vt 0.285138 0.296572
vt 0.254435 0.296572
vt 0.346545 0.133957
vt 0.377248 0.133957
vt 0.346545 0.093303
vt 0.377248 0.093303
vt 0.346545 0.052649
vt 0.377248 0.052649
vt 0.346545 0.011996
vt 0.377248 0.011996
vt 0.315842 0.133957
vt 0.315842 0.093303
vt 0.315842 0.052649
vt 0.315842 0.011996
vt 0.285138 0.133957
vt 0.285138 0.093303
vt 0.285138 0.052649
vt 0.285138 0.011996
vt 0.254435 0.133957
vt 0.254435 0.093303
vt 0.254435 0.052649
vt 0.254435 0.011996
vt 0.407951 0.133957
vt 0.438654 0.133957
vt 0.469357 0.133957
vt 0.500060 0.133957
vt 0.407951 0.093303
vt 0.438654 0.093303
vt 0.469357 0.093303
vt 0.500060 0.093303
vt 0.407951 0.052649
vt 0.438654 0.052649
vt 0.469357 0.052649
vt 0.500060 0.052649
vt 0.407951 0.011996
vt 0.438654 0.011996
vt 0.469357 0.011996
vt 0.500060 0.011996
vt 0.868167 0.499960
vt 0.837471 0.499960
vt 0.837472 0.459277
vt 0.868167 0.459277
vt 0.837471 0.418593
vt 0.868167 0.418593
vt 0.837472 0.377910
vt 0.868167 0.377910
vt 0.837471 0.337226
vt 0.868167 0.337226
vt 0.806776 0.499960
vt 0.806776 0.459277
vt 0.806776 0.418593
vt 0.806776 0.377910
vt 0.806776 0.337226
vt 0.776080 0.499960
vt 0.776080 0.459277
vt 0.776080 0.418593
vt 0.776080 0.377910
vt 0.776080 0.337226
vt 0.745385 0.499960
vt 0.745385 0.459277
vt 0.745385 0.418593
vt 0.745385 0.377910
vt 0.745385 0.337226
vt 0.898863 0.459277
vt 0.898863 0.499960
vt 0.929558 0.459277
vt 0.929558 0.499960
vt 0.960254 0.459277
vt 0.960254 0.499960
vt 0.990949 0.459277
vt 0.990949 0.499960
vt 0.898863 0.418593
vt 0.929558 0.418593
vt 0.960254 0.418593
vt 0.990949 0.418593
vt 0.898863 0.377910
vt 0.929558 0.377910
vt 0.960254 0.377910
vt 0.990949 0.377910
vt 0.898863 0.337226
vt 0.929558 0.337226
vt 0.960254 0.337226
vt 0.990949 0.337226
vt 0.898863 0.540644
vt 0.868167 0.540644
vt 0.898863 0.581327
vt 0.868167 0.581327
vt 0.898863 0.622011
vt 0.868167 0.622011
vt 0.898863 0.662695
vt 0.868167 0.662695
vt 0.929558 0.540644
vt 0.929558 0.581327
vt 0.929558 0.622011
vt 0.929558 0.662695
vt 0.960254 0.540644
vt 0.960254 0.581327
vt 0.960254 0.622011
vt 0.960254 0.662695
vt 0.990949 0.540644
vt 0.990949 0.581327
vt 0.990949 0.622011
vt 0.990949 0.662695
vt 0.837471 0.540644
vt 0.806776 0.540644
vt 0.776080 0.540644
vt 0.745385 0.540644
vt 0.837471 0.581327
vt 0.806776 0.581327
vt 0.776080 0.581327
vt 0.745385 0.581327
vt 0.837471 0.622011
vt 0.806776 0.622011
vt 0.776080 0.622011
vt 0.745385 0.622011
vt 0.837471 0.662695
vt 0.806776 0.662695
vt 0.776080 0.662695
vt 0.745385 0.662695
vt 0.622722 0.499960
vt 0.622722 0.540644
vt 0.592057 0.540644
vt 0.592057 0.499960
vt 0.561391 0.540644
vt 0.561391 0.499960
vt 0.530726 0.540644
vt 0.530726 0.499960
vt 0.622722 0.581327
vt 0.592057 0.581327
vt 0.561391 0.581327
vt 0.530726 0.581327
vt 0.622722 0.622011
vt 0.592057 0.622011
vt 0.561391 0.622011
vt 0.530726 0.622011
vt 0.622722 0.662695
vt 0.592057 0.662695
vt 0.561391 0.662695
vt 0.530726 0.662695
vt 0.592057 0.459277
vt 0.622722 0.459277
vt 0.592057 0.418593
vt 0.622722 0.418593
vt 0.592057 0.377910
vt 0.622722 0.377910
vt 0.592057 0.337226
vt 0.622722 0.337226
vt 0.561391 0.459277
vt 0.561391 0.418593
vt 0.561391 0.377910
vt 0.561391 0.337226
vt 0.530726 0.459277
vt 0.530726 0.418593
vt 0.530726 0.377910
vt 0.530726 0.337226
vt 0.653388 0.459277
vt 0.653388 0.499960
vt 0.684054 0.459277
vt 0.684054 0.499960
vt 0.714719 0.459277
vt 0.714719 0.499960
vt 0.653388 0.418593
vt 0.684054 0.418593
vt 0.714719 0.418593
vt 0.653388 0.377910
vt 0.684054 0.377910
vt 0.714719 0.377910
vt 0.653388 0.337226
vt 0.684054 0.337226
vt 0.714719 0.337226
vt 0.653388 0.540644
vt 0.653388 0.581327
vt 0.653388 0.622011
vt 0.653388 0.662695
vt 0.684054 0.540644
vt 0.684054 0.581327
vt 0.684054 0.622011
vt 0.684054 0.662695
vt 0.714719 0.540644
vt 0.714719 0.581327
vt 0.714719 0.622011
vt 0.714719 0.662695
vt 0.131743 0.499960
vt 0.131743 0.459277
vt 0.162416 0.459277
vt 0.162416 0.499960
vt 0.193089 0.459277
vt 0.193089 0.499960
vt 0.223762 0.459277
vt 0.223762 0.499960
vt 0.131743 0.418593
vt 0.162416 0.418593
vt 0.193089 0.418593
vt 0.223762 0.418593
vt 0.131743 0.377910
vt 0.162416 0.377910
vt 0.193089 0.377910
vt 0.223762 0.377910
vt 0.131743 0.337226
vt 0.162416 0.337226
vt 0.193089 0.337226
vt 0.223762 0.337226
vt 0.162416 0.540644
vt 0.131743 0.540644
vt 0.162416 0.581327
vt 0.131743 0.581327
vt 0.162416 0.622011
vt 0.131743 0.622011
vt 0.162416 0.662695
vt 0.131743 0.662695
vt 0.193089 0.540644
vt 0.193089 0.581327
vt 0.193089 0.622011
vt 0.193089 0.662695
vt 0.223762 0.540644
vt 0.223762 0.581327
vt 0.223762 0.622011
vt 0.223762 0.662695
vt 0.101070 0.540644
vt 0.101070 0.499960
vt 0.070397 0.540644
vt 0.070397 0.499960
vt 0.039724 0.540644
vt 0.039724 0.499960
vt 0.009051 0.540644
vt 0.009051 0.499960
vt 0.101070 0.581327
vt 0.070397 0.581327
vt 0.039724 0.581327
vt 0.009051 0.581327
vt 0.101070 0.622011
vt 0.070397 0.622011
vt 0.039724 0.622011
vt 0.009051 0.622011
vt 0.101070 0.662695
vt 0.070397 0.662695
vt 0.039724 0.662695
vt 0.009051 0.662695
vt 0.101070 0.459277
vt 0.101070 0.418593
vt 0.101070 0.377910
vt 0.101070 0.337226
vt 0.070397 0.459277
vt 0.070397 0.418593
vt 0.070397 0.377910
vt 0.070397 0.337226
vt 0.039724 0.459277
vt 0.039724 0.418593
vt 0.039724 0.377910
vt 0.039724 0.337226
vt 0.009051 0.459277
vt 0.009051 0.418593
vt 0.009051 0.377910
vt 0.009051 0.337226
vn 0.4897 0.1927 -0.8503
vn 0.3175 0.2804 -0.9058
vn 0.3743 0.4445 -0.8138
vn 0.5440 0.3613 -0.7573
vn 0.4137 0.5910 -0.6925
vn 0.5763 0.5136 -0.6356
vn 0.4314 0.7156 -0.5494
vn 0.5861 0.6434 -0.4924
vn 0.4235 0.8171 -0.3912
vn 0.5743 0.7478 -0.3332
vn 0.1344 0.3561 -0.9247
vn 0.1926 0.5123 -0.8369
vn 0.2395 0.6494 -0.7218
vn 0.2682 0.7648 -0.5858
vn 0.2668 0.8598 -0.4354
vn -0.0503 0.4167 -0.9077
vn 0.0084 0.5650 -0.8251
vn 0.0628 0.6916 -0.7196
vn 0.1080 0.7922 -0.6006
vn 0.1196 0.8774 -0.4646
vn -0.2304 0.4608 -0.8570
vn -0.1705 0.6052 -0.7776
vn -0.1083 0.7259 -0.6792
vn -0.0500 0.8168 -0.5748
vn -0.0017 0.8770 -0.4805
vn 0.6923 0.2645 -0.6714
vn 0.6418 0.0973 -0.7607
vn 0.8128 0.1613 -0.5597
vn 0.7664 -0.0005 -0.6424
vn 0.9025 0.0597 -0.4266
vn 0.8593 -0.0960 -0.5024
vn 0.9609 -0.0332 -0.2750
vn 0.9193 -0.1866 -0.3465
vn 0.7181 0.4181 -0.5563
vn 0.8327 0.3129 -0.4569
vn 0.9178 0.2073 -0.3387
vn 0.9733 0.1143 -0.1989
vn 0.7216 0.5504 -0.4199
vn 0.8302 0.4453 -0.3354
vn 0.9090 0.3377 -0.2443
vn 0.9616 0.2439 -0.1259
vn 0.7071 0.6556 -0.2651
vn 0.8135 0.5488 -0.1925
vn 0.8894 0.4402 -0.1230
vn 0.9364 0.3451 -0.0647
vn 0.5668 -0.0738 -0.8206
vn 0.4157 0.0162 -0.9093
vn 0.4731 -0.2418 -0.8472
vn 0.3262 -0.1589 -0.9319
vn 0.3682 -0.4009 -0.8389
vn 0.2260 -0.3246 -0.9185
vn 0.2596 -0.5485 -0.7949
vn 0.1188 -0.4760 -0.8714
vn 0.6930 -0.1624 -0.7025
vn 0.5989 -0.3180 -0.7349
vn 0.4929 -0.4642 -0.7359
vn 0.3865 -0.6019 -0.6988
vn 0.7885 -0.2488 -0.5625
vn 0.6969 -0.3901 -0.6018
vn 0.5938 -0.5138 -0.6192
vn 0.4909 -0.6354 -0.5961
vn 0.8498 -0.3344 -0.4075
vn 0.7589 -0.4665 -0.4543
vn 0.6593 -0.5741 -0.4856
vn 0.5674 -0.6519 -0.5030
vn 0.2481 0.1055 -0.9630
vn 0.0715 0.1873 -0.9797
vn -0.1071 0.2549 -0.9610
vn -0.2833 0.3023 -0.9101
vn 0.1674 -0.0702 -0.9834
vn 0.0036 0.0162 -0.9999
vn -0.1609 0.0914 -0.9827
vn -0.3256 0.1422 -0.9348
vn 0.0764 -0.2373 -0.9684
vn -0.0718 -0.1475 -0.9864
vn -0.2106 -0.0628 -0.9756
vn -0.3558 -0.0048 -0.9346
vn -0.0257 -0.3887 -0.9210
vn -0.1631 -0.2939 -0.9418
vn -0.2824 -0.2019 -0.9378
vn -0.3744 -0.1240 -0.9189
vn -0.3229 -0.8666 -0.3804
vn -0.4792 -0.7570 -0.4442
vn -0.3740 -0.7048 -0.6028
vn -0.2184 -0.8108 -0.5431
vn -0.2579 -0.6243 -0.7374
vn -0.1065 -0.7234 -0.6822
vn -0.1392 -0.5183 -0.8438
vn 0.0072 -0.6101 -0.7923
vn -0.6143 -0.6189 -0.4895
vn -0.5117 -0.5721 -0.6410
vn -0.3954 -0.5033 -0.7683
vn -0.2750 -0.4121 -0.8686
vn -0.7230 -0.4604 -0.5152
vn -0.6241 -0.4189 -0.6595
vn -0.5103 -0.3640 -0.7791
vn -0.3919 -0.2992 -0.8700
vn -0.8033 -0.2875 -0.5215
vn -0.7062 -0.2497 -0.6626
vn -0.5927 -0.2063 -0.7785
vn -0.4766 -0.1623 -0.8640
vn -0.0540 -0.8851 -0.4623
vn -0.1533 -0.9412 -0.3011
vn 0.1122 -0.9235 -0.3669
vn 0.0204 -0.9774 -0.2106
vn 0.2743 -0.9245 -0.2647
vn 0.1897 -0.9752 -0.1140
vn 0.4294 -0.8882 -0.1633
vn 0.3493 -0.9369 -0.0147
vn 0.0488 -0.7966 -0.6026
vn 0.2017 -0.8388 -0.5057
vn 0.3494 -0.8469 -0.4009
vn 0.4936 -0.8162 -0.3004
vn 0.1531 -0.6822 -0.7150
vn 0.2907 -0.7294 -0.6193
vn 0.4135 -0.7508 -0.5150
vn 0.5393 -0.7321 -0.4161
vn -0.2464 -0.9607 -0.1280
vn -0.4143 -0.8874 -0.2024
vn -0.3264 -0.9439 0.0491
vn -0.4880 -0.8726 -0.0187
vn -0.3872 -0.8945 0.2234
vn -0.5415 -0.8250 0.1616
vn -0.4235 -0.8171 0.3912
vn -0.5743 -0.7478 0.3332
vn -0.0722 -0.9963 -0.0468
vn -0.1573 -0.9805 0.1176
vn -0.2264 -0.9334 0.2783
vn -0.2668 -0.8598 0.4354
vn 0.0986 -0.9943 0.0404
vn 0.0095 -0.9818 0.1895
vn -0.0706 -0.9429 0.3256
vn -0.1196 -0.8774 0.4646
vn 0.2583 -0.9567 0.1345
vn 0.1637 -0.9479 0.2734
vn 0.0750 -0.9172 0.3913
vn 0.0017 -0.8770 0.4805
vn -0.5658 -0.7796 -0.2685
vn -0.6949 -0.6436 -0.3208
vn -0.7982 -0.4871 -0.3544
vn -0.8757 -0.3164 -0.3647
vn -0.6319 -0.7703 -0.0857
vn -0.7522 -0.6428 -0.1449
vn -0.8475 -0.4961 -0.1886
vn -0.9197 -0.3350 -0.2046
vn -0.6780 -0.7290 0.0946
vn -0.7893 -0.6133 0.0291
vn -0.8726 -0.4876 -0.0291
vn -0.9374 -0.3437 -0.0564
vn -0.7071 -0.6556 0.2651
vn -0.8135 -0.5488 0.1925
vn -0.8894 -0.4402 0.1230
vn -0.9364 -0.3451 0.0647
vn -0.4897 -0.1927 0.8503
vn -0.6418 -0.0973 0.7607
vn -0.6923 -0.2645 0.6714
vn -0.5440 -0.3613 0.7573
vn -0.7181 -0.4181 0.5563
vn -0.5763 -0.5136 0.6356
vn -0.7216 -0.5504 0.4199
vn -0.5861 -0.6434 0.4924
vn -0.7664 0.0005 0.6424
vn -0.8128 -0.1613 0.5597
vn -0.8327 -0.3129 0.4569
vn -0.8302 -0.4453 0.3354
vn -0.8593 0.0960 0.5024
vn -0.9025 -0.0597 0.4266
vn -0.9178 -0.2073 0.3387
vn -0.9090 -0.3377 0.2443
vn -0.9193 0.1866 0.3465
vn -0.9609 0.0332 0.2750
vn -0.9733 -0.1143 0.1989
vn -0.9616 -0.2439 0.1259
vn -0.3743 -0.4445 0.8138
vn -0.3175 -0.2804 0.9058
vn -0.1926 -0.5123 0.8369
vn -0.1344 -0.3561 0.9247
vn -0.0084 -0.5650 0.8251
vn 0.0503 -0.4167 0.9077
vn 0.1705 -0.6052 0.7776
vn 0.2304 -0.4608 0.8570
vn -0.4137 -0.5910 0.6925
vn -0.2395 -0.6494 0.7218
vn -0.0628 -0.6916 0.7196
vn 0.1083 -0.7259 0.6792
vn -0.4314 -0.7156 0.5494
vn -0.2682 -0.7648 0.5858
vn -0.1080 -0.7922 0.6006
vn 0.0500 -0.8168 0.5748
vn -0.2481 -0.1055 0.9630
vn -0.4157 -0.0162 0.9093
vn -0.1674 0.0702 0.9834
vn -0.3262 0.1589 0.9319
vn -0.0764 0.2373 0.9684
vn -0.2260 0.3246 0.9185
vn 0.0257 0.3887 0.9210
vn -0.1188 0.4760 0.8714
vn -0.0715 -0.1873 0.9797
vn -0.0036 -0.0162 0.9999
vn 0.0718 0.1475 0.9864
vn 0.1631 0.2939 0.9418
vn 0.1071 -0.2549 0.9610
vn 0.1609 -0.0914 0.9827
vn 0.2106 0.0628 0.9756
vn 0.2824 0.2019 0.9378
vn 0.2833 -0.3023 0.9101
vn 0.3256 -0.1422 0.9348
vn 0.3558 0.0048 0.9346
vn 0.3744 0.1240 0.9189
vn -0.5667 0.0738 0.8206
vn -0.6930 0.1624 0.7025
vn -0.7885 0.2488 0.5625
vn -0.8498 0.3344 0.4075
vn -0.4731 0.2418 0.8472
vn -0.5989 0.3180 0.7349
vn -0.6969 0.3901 0.6018
vn -0.7589 0.4665 0.4543
vn -0.3682 0.4009 0.8389
vn -0.4929 0.4642 0.7359
vn -0.5938 0.5138 0.6192
vn -0.6593 0.5741 0.4856
vn -0.2596 0.5485 0.7949
vn -0.3865 0.6019 0.6988
vn -0.4909 0.6354 0.5961
vn -0.5674 0.6519 0.5030
vn 0.3229 0.8666 0.3804
vn 0.1533 0.9412 0.3011
vn 0.0540 0.8851 0.4623
vn 0.2184 0.8108 0.5431
vn -0.0488 0.7966 0.6026
vn 0.1065 0.7234 0.6822
vn -0.1531 0.6822 0.7150
vn -0.0072 0.6101 0.7923
vn -0.0204 0.9774 0.2106
vn -0.1122 0.9235 0.3669
vn -0.2017 0.8388 0.5057
vn -0.2907 0.7294 0.6193
vn -0.1897 0.9752 0.1140
vn -0.2743 0.9245 0.2647
vn -0.3494 0.8469 0.4009
vn -0.4135 0.7508 0.5150
vn -0.3493 0.9369 0.0147
vn -0.4294 0.8882 0.1633
vn -0.4936 0.8162 0.3004
vn -0.5393 0.7321 0.4161
vn 0.3740 0.7048 0.6028
vn 0.4792 0.7570 0.4442
vn 0.5117 0.5721 0.6410
vn 0.6143 0.6189 0.4895
vn 0.6241 0.4189 0.6595
vn 0.7230 0.4603 0.5152
vn 0.7062 0.2497 0.6626
vn 0.8033 0.2875 0.5215
vn 0.2579 0.6243 0.7374
vn 0.3954 0.5033 0.7683
vn 0.5103 0.3640 0.7791
vn 0.5927 0.2063 0.7785
vn 0.1392 0.5183 0.8438
vn 0.2750 0.4121 0.8686
vn 0.3919 0.2992 0.8700
vn 0.4766 0.1623 0.8640
vn 0.5658 0.7796 0.2685
vn 0.4143 0.8874 0.2024
vn 0.6319 0.7703 0.0857
vn 0.4880 0.8726 0.0187
vn 0.6780 0.7290 -0.0946
vn 0.5415 0.8250 -0.1616
vn 0.6949 0.6436 0.3208
vn 0.7522 0.6428 0.1449
vn 0.7893 0.6133 -0.0291
vn 0.7982 0.4871 0.3544
vn 0.8475 0.4961 0.1886
vn 0.8726 0.4876 0.0291
vn 0.8757 0.3164 0.3647
vn 0.9197 0.3350 0.2046
vn 0.9374 0.3437 0.0564
vn 0.2464 0.9607 0.1280
vn 0.0722 0.9963 0.0468
vn -0.0986 0.9943 -0.0404
vn -0.2583 0.9567 -0.1345
vn 0.3264 0.9439 -0.0491
vn 0.1573 0.9805 -0.1176
vn -0.0095 0.9818 -0.1895
vn -0.1637 0.9479 -0.2734
vn 0.3872 0.8945 -0.2234
vn 0.2264 0.9334 -0.2783
vn 0.0706 0.9429 -0.3256
vn -0.0750 0.9172 -0.3913
vn -0.8141 0.4570 -0.3584
vn -0.7008 0.4868 -0.5214
vn -0.7499 0.3079 -0.5855
vn -0.8615 0.2753 -0.4266
vn -0.7682 0.1198 -0.6289
vn -0.8746 0.0850 -0.4773
vn -0.7540 -0.0683 -0.6533
vn -0.8544 -0.1045 -0.5089
vn -0.5608 0.4970 -0.6621
vn -0.6112 0.3257 -0.7214
vn -0.6367 0.1462 -0.7572
vn -0.6331 -0.0334 -0.7734
vn -0.4020 0.4879 -0.7748
vn -0.4533 0.3250 -0.8300
vn -0.4870 0.1575 -0.8591
vn -0.5018 -0.0036 -0.8650
vn -0.9396 0.2318 -0.2517
vn -0.8944 0.4089 -0.1813
vn -0.9816 0.1775 -0.0706
vn -0.9384 0.3455 0.0004
vn -0.9879 0.1119 0.1073
vn -0.9462 0.2704 0.1780
vn -0.9498 0.0474 -0.3091
vn -0.9909 0.0052 -0.1344
vn -0.9982 -0.0455 0.0378
vn -0.9273 -0.1370 -0.3484
vn -0.9689 -0.1663 -0.1832
vn -0.9809 -0.1931 -0.0245
vn -0.8148 0.5705 -0.1036
vn -0.7340 0.6207 -0.2757
vn -0.7060 0.7079 -0.0200
vn -0.6258 0.7582 -0.1830
vn -0.5753 0.8151 0.0686
vn -0.4958 0.8642 -0.0851
vn -0.8622 0.5015 0.0714
vn -0.7580 0.6365 0.1423
vn -0.6327 0.7437 0.2159
vn -0.8742 0.4205 0.2429
vn -0.7778 0.5521 0.3003
vn -0.6662 0.6588 0.3495
vn -0.6244 0.6472 -0.4373
vn -0.4906 0.6509 -0.5793
vn -0.3380 0.6352 -0.6944
vn -0.5232 0.7816 -0.3397
vn -0.4016 0.7797 -0.4803
vn -0.2638 0.7580 -0.5966
vn -0.4004 0.8853 -0.2363
vn -0.2942 0.8795 -0.3742
vn -0.1838 0.8517 -0.4908
vn 0.8141 -0.4570 0.3584
vn 0.7008 -0.4868 0.5214
vn 0.6244 -0.6472 0.4373
vn 0.7340 -0.6207 0.2757
vn 0.5232 -0.7816 0.3397
vn 0.6258 -0.7582 0.1830
vn 0.4004 -0.8853 0.2363
vn 0.4958 -0.8642 0.0851
vn 0.5608 -0.4970 0.6621
vn 0.4906 -0.6509 0.5793
vn 0.4016 -0.7797 0.4803
vn 0.2942 -0.8795 0.3742
vn 0.4020 -0.4879 0.7748
vn 0.3380 -0.6352 0.6944
vn 0.2638 -0.7580 0.5965
vn 0.1838 -0.8517 0.4908
vn 0.8148 -0.5705 0.1036
vn 0.8944 -0.4089 0.1813
vn 0.8622 -0.5015 -0.0714
vn 0.9384 -0.3455 -0.0004
vn 0.8742 -0.4205 -0.2429
vn 0.9462 -0.2704 -0.1780
vn 0.7060 -0.7079 0.0200
vn 0.7580 -0.6365 -0.1423
vn 0.7778 -0.5521 -0.3003
vn 0.5753 -0.8151 -0.0686
vn 0.6327 -0.7437 -0.2159
vn 0.6662 -0.6588 -0.3495
vn 0.9396 -0.2318 0.2517
vn 0.8615 -0.2753 0.4266
vn 0.9498 -0.0474 0.3091
vn 0.8746 -0.0850 0.4773
vn 0.9273 0.1370 0.3484
vn 0.8544 0.1045 0.5089
vn 0.9816 -0.1775 0.0706
vn 0.9909 -0.0052 0.1344
vn 0.9689 0.1663 0.1832
vn 0.9879 -0.1119 -0.1073
vn 0.9982 0.0455 -0.0378
vn 0.9809 0.1931 0.0245
vn 0.7499 -0.3079 0.5855
vn 0.6112 -0.3257 0.7214
vn 0.4533 -0.3250 0.8300
vn 0.7682 -0.1198 0.6289
vn 0.6367 -0.1462 0.7572
vn 0.4870 -0.1575 0.8591
vn 0.7540 0.0683 0.6533
vn 0.6331 0.0334 0.7734
vn 0.5018 0.0036 0.8650
usemtl Mars
s 1
f 773/883/773 774/884/774 775/885/775 776/886/776
f 776/886/776 775/885/775 777/887/777 778/888/778
f 778/888/778 777/887/777 779/889/779 780/890/780
f 780/890/780 779/889/779 781/891/781 782/892/782
f 774/884/774 783/893/783 784/894/784 775/885/775
f 775/885/775 784/894/784 785/895/785 777/887/777
f 777/887/777 785/895/785 786/896/786 779/889/779
f 779/889/779 786/896/786 787/897/787 781/891/781
f 783/893/783 788/898/788 789/899/789 784/894/784
f 784/894/784 789/899/789 790/900/790 785/895/785
f 785/895/785 790/900/790 791/901/791 786/896/786
f 786/896/786 791/901/791 792/902/792 787/897/787
f 788/898/788 793/903/793 794/904/794 789/899/789
f 789/899/789 794/904/794 795/905/795 790/900/790
f 790/900/790 795/905/795 796/906/796 791/901/791
f 791/901/791 796/906/796 797/907/797 792/902/792
f 773/883/773 776/886/776 798/908/798 799/909/799
f 799/909/799 798/908/798 800/910/800 801/911/801
f 801/911/801 800/910/800 802/912/802 803/913/803
f 803/913/803 802/912/802 804/914/804 805/915/805
f 776/886/776 778/888/778 806/916/806 798/908/798
f 798/908/798 806/916/806 807/917/807 800/910/800
f 800/910/800 807/917/807 808/918/808 802/912/802
f 802/912/802 808/918/808 809/919/809 804/914/804
f 778/888/778 780/890/780 810/920/810 806/916/806
f 806/916/806 810/920/810 811/921/811 807/917/807
f 807/917/807 811/921/811 812/922/812 808/918/808
f 808/918/808 812/922/812 813/923/813 809/919/809
f 780/890/780 782/892/782 814/924/814 810/920/810
f 810/920/810 814/924/814 815/925/815 811/921/811
f 811/921/811 815/925/815 816/926/816 812/922/812
f 812/922/812 816/926/816 817/927/817 813/923/813
f 773/883/773 799/909/799 818/928/818 819/929/819
f 819/929/819 818/928/818 820/930/820 821/931/821
f 821/931/821 820/930/820 822/932/822 823/933/823
f 823/933/823 822/932/822 824/934/824 825/935/825
f 799/909/799 801/911/801 826/936/826 818/928/818
f 818/928/818 826/936/826 827/937/827 820/930/820
f 820/930/820 827/937/827 828/938/828 822/932/822
f 822/932/822 828/938/828 829/939/829 824/934/824
f 801/911/801 803/913/803 830/940/830 826/936/826
f 826/936/826 830/940/830 831/941/831 827/937/827
f 827/937/827 831/941/831 832/942/832 828/938/828
f 828/938/828 832/942/832 833/943/833 829/939/829
f 803/913/803 805/915/805 834/944/834 830/940/830
f 830/940/830 834/944/834 835/945/835 831/941/831
f 831/941/831 835/945/835 836/946/836 832/942/832
f 832/942/832 836/946/836 837/947/837 833/943/833
f 773/883/773 819/929/819 838/948/838 774/884/774
f 774/884/774 838/948/838 839/949/839 783/893/783
f 783/893/783 839/949/839 840/950/840 788/898/788
f 788/898/788 840/950/840 841/951/841 793/903/793
f 819/929/819 821/931/821 842/952/842 838/948/838
f 838/948/838 842/952/842 843/953/843 839/949/839
f 839/949/839 843/953/843 844/954/844 840/950/840
f 840/950/840 844/954/844 845/955/845 841/951/841
f 821/931/821 823/933/823 846/956/846 842/952/842
f 842/952/842 846/956/846 847/957/847 843/953/843
f 843/953/843 847/957/847 848/958/848 844/954/844
f 844/954/844 848/958/848 849/959/849 845/955/845
f 823/933/823 825/935/825 850/960/850 846/956/846
f 846/956/846 850/960/850 851/961/851 847/957/847
f 847/957/847 851/961/851 852/962/852 848/958/848
f 848/958/848 852/962/852 853/963/853 849/959/849
f 854/964/854 855/965/855 856/966/856 857/967/857
f 857/967/857 856/966/856 858/968/858 859/969/859
f 859/969/859 858/968/858 860/970/860 861/971/861
f 861/971/861 860/970/860 850/960/850 825/935/825
f 855/965/855 862/972/862 863/973/863 856/966/856
f 856/966/856 863/973/863 864/974/864 858/968/858
f 858/968/858 864/974/864 865/975/865 860/970/860
f 860/970/860 865/975/865 851/961/851 850/960/850
f 862/972/862 866/976/866 867/977/867 863/973/863
f 863/973/863 867/977/867 868/978/868 864/974/864
f 864/974/864 868/978/868 869/979/869 865/975/865
f 865/975/865 869/979/869 852/962/852 851/961/851
f 866/976/866 870/980/870 871/981/871 867/977/867
f 867/977/867 871/981/871 872/982/872 868/978/868
f 868/978/868 872/982/872 873/983/873 869/979/869
f 869/979/869 873/983/873 853/963/853 852/962/852
f 854/964/854 857/967/857 874/984/874 875/985/875
f 875/985/875 874/984/874 876/986/876 877/987/877
f 877/987/877 876/986/876 878/988/878 879/989/879
f 879/989/879 878/988/878 880/990/880 881/991/881
f 857/967/857 859/969/859 882/992/882 874/984/874
f 874/984/874 882/992/882 883/993/883 876/986/876
f 876/986/876 883/993/883 884/994/884 878/988/878
f 878/988/878 884/994/884 885/995/885 880/990/880
f 859/969/859 861/971/861 886/996/886 882/992/882
f 882/992/882 886/996/886 887/997/887 883/993/883
f 883/993/883 887/997/887 888/998/888 884/994/884
f 884/994/884 888/998/888 889/999/889 885/995/885
f 861/971/861 825/935/825 824/934/824 886/996/886
f 886/996/886 824/934/824 829/939/829 887/997/887
f 887/997/887 829/939/829 833/943/833 888/998/888
f 888/998/888 833/943/833 837/947/837 889/999/889
f 854/964/854 875/985/875 890/1000/890 891/1001/891
f 891/1001/891 890/1000/890 892/1002/892 893/1003/893
f 893/1003/893 892/1002/892 894/1004/894 895/1005/895
f 895/1005/895 894/1004/894 896/1006/896 897/1007/897
f 875/985/875 877/987/877 898/1008/898 890/1000/890
f 890/1000/890 898/1008/898 899/1009/899 892/1002/892
f 892/1002/892 899/1009/899 900/1010/900 894/1004/894
f 894/1004/894 900/1010/900 901/1011/901 896/1006/896
f 877/987/877 879/989/879 902/1012/902 898/1008/898
f 898/1008/898 902/1012/902 903/1013/903 899/1009/899
f 899/1009/899 903/1013/903 904/1014/904 900/1010/900
f 900/1010/900 904/1014/904 905/1015/905 901/1011/901
f 879/989/879 881/991/881 906/1016/906 902/1012/902
f 902/1012/902 906/1016/906 907/1017/907 903/1013/903
f 903/1013/903 907/1017/907 908/1018/908 904/1014/904
f 904/1014/904 908/1018/908 909/1019/909 905/1015/905
f 854/964/854 891/1001/891 910/1020/910 855/965/855
f 855/965/855 910/1020/910 911/1021/911 862/972/862
f 862/972/862 911/1021/911 912/1022/912 866/976/866
f 866/976/866 912/1022/912 913/1023/913 870/980/870
f 891/1001/891 893/1003/893 914/1024/914 910/1020/910
f 910/1020/910 914/1024/914 915/1025/915 911/1021/911
f 911/1021/911 915/1025/915 916/1026/916 912/1022/912
f 912/1022/912 916/1026/916 917/1027/917 913/1023/913
f 893/1003/893 895/1005/895 918/1028/918 914/1024/914
f 914/1024/914 918/1028/918 919/1029/919 915/1025/915
f 915/1025/915 919/1029/919 920/1030/920 916/1026/916
f 916/1026/916 920/1030/920 921/1031/921 917/1027/917
f 895/1005/895 897/1007/897 922/1032/922 918/1028/918
f 918/1028/918 922/1032/922 923/1033/923 919/1029/919
f 919/1029/919 923/1033/923 924/1034/924 920/1030/920
f 920/1030/920 924/1034/924 925/1035/925 921/1031/921
f 926/1036/926 927/1037/927 928/1038/928 929/1039/929
f 929/1039/929 928/1038/928 930/1040/930 931/1041/931
f 931/1041/931 930/1040/930 932/1042/932 933/1043/933
f 933/1043/933 932/1042/932 922/1032/922 897/1007/897
f 927/1037/927 934/1044/934 935/1045/935 928/1038/928
f 928/1038/928 935/1045/935 936/1046/936 930/1040/930
f 930/1040/930 936/1046/936 937/1047/937 932/1042/932
f 932/1042/932 937/1047/937 923/1033/923 922/1032/922
f 934/1044/934 938/1048/938 939/1049/939 935/1045/935
f 935/1045/935 939/1049/939 940/1050/940 936/1046/936
f 936/1046/936 940/1050/940 941/1051/941 937/1047/937
f 937/1047/937 941/1051/941 924/1034/924 923/1033/923
f 938/1048/938 942/1052/942 943/1053/943 939/1049/939
f 939/1049/939 943/1053/943 944/1054/944 940/1050/940
f 940/1050/940 944/1054/944 945/1055/945 941/1051/941
f 941/1051/941 945/1055/945 925/1035/925 924/1034/924
f 926/1036/926 929/1039/929 946/1056/946 947/1057/947
f 947/1057/947 946/1056/946 948/1058/948 949/1059/949
f 949/1059/949 948/1058/948 950/1060/950 951/1061/951
f 951/1061/951 950/1060/950 952/1062/952 953/1063/953
f 929/1039/929 931/1041/931 954/1064/954 946/1056/946
f 946/1056/946 954/1064/954 955/1065/955 948/1058/948
f 948/1058/948 955/1065/955 956/1066/956 950/1060/950
f 950/1060/950 956/1066/956 957/1067/957 952/1062/952
f 931/1041/931 933/1043/933 958/1068/958 954/1064/954
f 954/1064/954 958/1068/958 959/1069/959 955/1065/955
f 955/1065/955 959/1069/959 960/1070/960 956/1066/956
f 956/1066/956 960/1070/960 961/1071/961 957/1067/957
f 933/1043/933 897/1007/897 896/1006/896 958/1068/958
f 958/1068/958 896/1006/896 901/1011/901 959/1069/959
f 959/1069/959 901/1011/901 905/1015/905 960/1070/960
f 960/1070/960 905/1015/905 909/1019/909 961/1071/961
f 926/1036/926 947/1057/947 962/1072/962 963/1073/963
f 963/1073/963 962/1072/962 964/1074/964 965/1075/965
f 965/1075/965 964/1074/964 966/1076/966 967/1077/967
f 967/1077/967 966/1076/966 968/1078/968 969/1079/969
f 947/1057/947 949/1059/949 970/1080/970 962/1072/962
f 962/1072/962 970/1080/970 971/1081/971 964/1074/964
f 964/1074/964 971/1081/971 972/1082/972 966/1076/966
f 966/1076/966 972/1082/972 973/1083/973 968/1078/968
f 949/1059/949 951/1061/951 974/1084/974 970/1080/970
f 970/1080/970 974/1084/974 975/1085/975 971/1081/971
f 971/1081/971 975/1085/975 976/1086/976 972/1082/972
f 972/1082/972 976/1086/976 977/1087/977 973/1083/973
f 951/1061/951 953/1063/953 978/1088/978 974/1084/974
f 974/1084/974 978/1088/978 979/1089/979 975/1085/975
f 975/1085/975 979/1089/979 980/1090/980 976/1086/976
f 976/1086/976 980/1090/980 981/1091/981 977/1087/977
f 926/1036/926 963/1073/963 982/1092/982 927/1037/927
f 927/1037/927 982/1092/982 983/1093/983 934/1044/934
f 934/1044/934 983/1093/983 984/1094/984 938/1048/938
f 938/1048/938 984/1094/984 985/1095/985 942/1052/942
f 963/1073/963 965/1075/965 986/1096/986 982/1092/982
f 982/1092/982 986/1096/986 987/1097/987 983/1093/983
f 983/1093/983 987/1097/987 988/1098/988 984/1094/984
f 984/1094/984 988/1098/988 989/1099/989 985/1095/985
f 965/1075/965 967/1077/967 990/1100/990 986/1096/986
f 986/1096/986 990/1100/990 991/1101/991 987/1097/987
f 987/1097/987 991/1101/991 992/1102/992 988/1098/988
f 988/1098/988 992/1102/992 993/1103/993 989/1099/989
f 967/1077/967 969/1079/969 994/1104/994 990/1100/990
f 990/1100/990 994/1104/994 995/1105/995 991/1101/991
f 991/1101/991 995/1105/995 996/1106/996 992/1102/992
f 992/1102/992 996/1106/996 997/1107/997 993/1103/993
f 998/1108/998 999/1109/999 1000/1110/1000 1001/1111/1001
f 1001/1111/1001 1000/1110/1000 1002/1112/1002 1003/1113/1003
f 1003/1113/1003 1002/1112/1002 1004/1114/1004 1005/1115/1005
f 1005/1115/1005 1004/1114/1004 994/1116/994 969/1117/969
f 999/1109/999 1006/1118/1006 1007/1119/1007 1000/1110/1000
f 1000/1110/1000 1007/1119/1007 1008/1120/1008 1002/1112/1002
f 1002/1112/1002 1008/1120/1008 1009/1121/1009 1004/1114/1004
f 1004/1114/1004 1009/1121/1009 995/1122/995 994/1116/994
f 1006/1118/1006 1010/1123/1010 1011/1124/1011 1007/1119/1007
f 1007/1119/1007 1011/1124/1011 1012/1125/1012 1008/1120/1008
f 1008/1120/1008 1012/1125/1012 1013/1126/1013 1009/1121/1009
f 1009/1121/1009 1013/1126/1013 996/1127/996 995/1122/995
f 1010/1123/1010 1014/1128/1014 1015/1129/1015 1011/1124/1011
f 1011/1124/1011 1015/1129/1015 1016/1130/1016 1012/1125/1012
f 1012/1125/1012 1016/1130/1016 1017/1131/1017 1013/1126/1013
f 1013/1126/1013 1017/1131/1017 997/1132/997 996/1127/996
f 998/1108/998 1001/1111/1001 1018/1133/1018 1019/1134/1019
f 1019/1134/1019 1018/1133/1018 1020/1135/1020 1021/1136/1021
f 1021/1136/1021 1020/1135/1020 1022/1137/1022 1023/1138/1023
f 1023/1138/1023 1022/1137/1022 1024/1139/1024 1025/1140/1025
f 1001/1111/1001 1003/1113/1003 1026/1141/1026 1018/1133/1018
f 1018/1133/1018 1026/1141/1026 1027/1142/1027 1020/1135/1020
f 1020/1135/1020 1027/1142/1027 1028/1143/1028 1022/1137/1022
f 1022/1137/1022 1028/1143/1028 1029/1144/1029 1024/1139/1024
f 1003/1113/1003 1005/1115/1005 1030/1145/1030 1026/1141/1026
f 1026/1141/1026 1030/1145/1030 1031/1146/1031 1027/1142/1027
f 1027/1142/1027 1031/1146/1031 1032/1147/1032 1028/1143/1028
f 1028/1143/1028 1032/1147/1032 1033/1148/1033 1029/1144/1029
f 1005/1115/1005 969/1117/969 968/1149/968 1030/1145/1030
f 1030/1145/1030 968/1149/968 973/1150/973 1031/1146/1031
f 1031/1146/1031 973/1150/973 977/1151/977 1032/1147/1032
f 1032/1147/1032 977/1151/977 981/1152/981 1033/1148/1033
f 998/1108/998 1019/1134/1019 1034/1153/1034 1035/1154/1035
f 1035/1154/1035 1034/1153/1034 1036/1155/1036 1037/1156/1037
f 1037/1156/1037 1036/1155/1036 1038/1157/1038 1039/1158/1039
f 1039/1158/1039 1038/1157/1038 814/1159/814 782/1160/782
f 1019/1134/1019 1021/1136/1021 1040/1161/1040 1034/1153/1034
f 1034/1153/1034 1040/1161/1040 1041/1162/1041 1036/1155/1036
f 1036/1155/1036 1041/1162/1041 1042/1163/1042 1038/1157/1038
f 1038/1157/1038 1042/1163/1042 815/1164/815 814/1159/814
f 1021/1136/1021 1023/1138/1023 1043/1165/1043 1040/1161/1040
f 1040/1161/1040 1043/1165/1043 1044/1166/1044 1041/1162/1041
f 1041/1162/1041 1044/1166/1044 1045/1167/1045 1042/1163/1042
f 1042/1163/1042 1045/1167/1045 816/1168/816 815/1164/815
f 1023/1138/1023 1025/1140/1025 1046/1169/1046 1043/1165/1043
f 1043/1165/1043 1046/1169/1046 1047/1170/1047 1044/1166/1044
f 1044/1166/1044 1047/1170/1047 1048/1171/1048 1045/1167/1045
f 1045/1167/1045 1048/1171/1048 817/1172/817 816/1168/816
f 998/1108/998 1035/1154/1035 1049/1173/1049 999/1109/999
f 999/1109/999 1049/1173/1049 1050/1174/1050 1006/1118/1006
f 1006/1118/1006 1050/1174/1050 1051/1175/1051 1010/1123/1010
f 1010/1123/1010 1051/1175/1051 1052/1176/1052 1014/1128/1014
f 1035/1154/1035 1037/1156/1037 1053/1177/1053 1049/1173/1049
f 1049/1173/1049 1053/1177/1053 1054/1178/1054 1050/1174/1050
f 1050/1174/1050 1054/1178/1054 1055/1179/1055 1051/1175/1051
f 1051/1175/1051 1055/1179/1055 1056/1180/1056 1052/1176/1052
f 1037/1156/1037 1039/1158/1039 1057/1181/1057 1053/1177/1053
f 1053/1177/1053 1057/1181/1057 1058/1182/1058 1054/1178/1054
f 1054/1178/1054 1058/1182/1058 1059/1183/1059 1055/1179/1055
f 1055/1179/1055 1059/1183/1059 1060/1184/1060 1056/1180/1056
f 1039/1158/1039 782/1160/782 781/1185/781 1057/1181/1057
f 1057/1181/1057 781/1185/781 787/1186/787 1058/1182/1058
f 1058/1182/1058 787/1186/787 792/1187/792 1059/1183/1059
f 1059/1183/1059 792/1187/792 797/1188/797 1060/1184/1060
f 1061/1189/1061 1062/1190/1062 1063/1191/1063 1064/1192/1064
f 1064/1192/1064 1063/1191/1063 1065/1193/1065 1066/1194/1066
f 1066/1194/1066 1065/1193/1065 1067/1195/1067 1068/1196/1068
f 1068/1196/1068 1067/1195/1067 871/981/871 870/980/870
f 1062/1190/1062 1069/1197/1069 1070/1198/1070 1063/1191/1063
f 1063/1191/1063 1070/1198/1070 1071/1199/1071 1065/1193/1065
f 1065/1193/1065 1071/1199/1071 1072/1200/1072 1067/1195/1067
f 1067/1195/1067 1072/1200/1072 872/982/872 871/981/871
f 1069/1197/1069 1073/1201/1073 1074/1202/1074 1070/1198/1070
f 1070/1198/1070 1074/1202/1074 1075/1203/1075 1071/1199/1071
f 1071/1199/1071 1075/1203/1075 1076/1204/1076 1072/1200/1072
f 1072/1200/1072 1076/1204/1076 873/983/873 872/982/872
f 1073/1201/1073 793/1205/793 841/1206/841 1074/1202/1074
f 1074/1202/1074 841/1206/841 845/1207/845 1075/1203/1075
f 1075/1203/1075 845/1207/845 849/1208/849 1076/1204/1076
f 1076/1204/1076 849/1208/849 853/963/853 873/983/873
f 1061/1189/1061 1064/1192/1064 1077/1209/1077 1078/1210/1078
f 1078/1210/1078 1077/1209/1077 1079/1211/1079 1080/1212/1080
f 1080/1212/1080 1079/1211/1079 1081/1213/1081 1082/1214/1082
f 1082/1214/1082 1081/1213/1081 943/1215/943 942/1216/942
f 1064/1192/1064 1066/1194/1066 1083/1217/1083 1077/1209/1077
f 1077/1209/1077 1083/1217/1083 1084/1218/1084 1079/1211/1079
f 1079/1211/1079 1084/1218/1084 1085/1219/1085 1081/1213/1081
f 1081/1213/1081 1085/1219/1085 944/1220/944 943/1215/943
f 1066/1194/1066 1068/1196/1068 1086/1221/1086 1083/1217/1083
f 1083/1217/1083 1086/1221/1086 1087/1222/1087 1084/1218/1084
f 1084/1218/1084 1087/1222/1087 1088/1223/1088 1085/1219/1085
f 1085/1219/1085 1088/1223/1088 945/1224/945 944/1220/944
f 1068/1196/1068 870/980/870 913/1023/913 1086/1221/1086
f 1086/1221/1086 913/1023/913 917/1027/917 1087/1222/1087
f 1087/1222/1087 917/1027/917 921/1031/921 1088/1223/1088
f 1088/1223/1088 921/1031/921 925/1035/925 945/1224/945
f 1061/1189/1061 1078/1210/1078 1089/1225/1089 1090/1226/1090
f 1090/1226/1090 1089/1225/1089 1091/1227/1091 1092/1228/1092
f 1092/1228/1092 1091/1227/1091 1093/1229/1093 1094/1230/1094
f 1094/1230/1094 1093/1229/1093 1015/1129/1015 1014/1128/1014
f 1078/1210/1078 1080/1212/1080 1095/1231/1095 1089/1225/1089
f 1089/1225/1089 1095/1231/1095 1096/1232/1096 1091/1227/1091
f 1091/1227/1091 1096/1232/1096 1097/1233/1097 1093/1229/1093
f 1093/1229/1093 1097/1233/1097 1016/1130/1016 1015/1129/1015
f 1080/1212/1080 1082/1214/1082 1098/1234/1098 1095/1231/1095
f 1095/1231/1095 1098/1234/1098 1099/1235/1099 1096/1232/1096
f 1096/1232/1096 1099/1235/1099 1100/1236/1100 1097/1233/1097
f 1097/1233/1097 1100/1236/1100 1017/1131/1017 1016/1130/1016
f 1082/1214/1082 942/1216/942 985/1237/985 1098/1234/1098
f 1098/1234/1098 985/1237/985 989/1238/989 1099/1235/1099
f 1099/1235/1099 989/1238/989 993/1239/993 1100/1236/1100
f 1100/1236/1100 993/1239/993 997/1132/997 1017/1131/1017
f 1061/1189/1061 1090/1226/1090 1101/1240/1101 1062/1190/1062
f 1062/1190/1062 1101/1240/1101 1102/1241/1102 1069/1197/1069
f 1069/1197/1069 1102/1241/1102 1103/1242/1103 1073/1201/1073
f 1073/1201/1073 1103/1242/1103 794/1243/794 793/1205/793
f 1090/1226/1090 1092/1228/1092 1104/1244/1104 1101/1240/1101
f 1101/1240/1101 1104/1244/1104 1105/1245/1105 1102/1241/1102
f 1102/1241/1102 1105/1245/1105 1106/1246/1106 1103/1242/1103
f 1103/1242/1103 1106/1246/1106 795/1247/795 794/1243/794
f 1092/1228/1092 1094/1230/1094 1107/1248/1107 1104/1244/1104
f 1104/1244/1104 1107/1248/1107 1108/1249/1108 1105/1245/1105
f 1105/1245/1105 1108/1249/1108 1109/1250/1109 1106/1246/1106
f 1106/1246/1106 1109/1250/1109 796/1251/796 795/1247/795
f 1094/1230/1094 1014/1128/1014 1052/1176/1052 1107/1248/1107
f 1107/1248/1107 1052/1176/1052 1056/1180/1056 1108/1249/1108
f 1108/1249/1108 1056/1180/1056 1060/1184/1060 1109/1250/1109
f 1109/1250/1109 1060/1184/1060 797/1188/797 796/1251/796
f 1110/1252/1110 1111/1253/1111 1112/1254/1112 1113/1255/1113
f 1113/1255/1113 1112/1254/1112 1114/1256/1114 1115/1257/1115
f 1115/1257/1115 1114/1256/1114 1116/1258/1116 1117/1259/1117
f 1117/1259/1117 1116/1258/1116 906/1016/906 881/991/881
f 1111/1253/1111 1118/1260/1118 1119/1261/1119 1112/1254/1112
f 1112/1254/1112 1119/1261/1119 1120/1262/1120 1114/1256/1114
f 1114/1256/1114 1120/1262/1120 1121/1263/1121 1116/1258/1116
f 1116/1258/1116 1121/1263/1121 907/1017/907 906/1016/906
f 1118/1260/1118 1122/1264/1122 1123/1265/1123 1119/1261/1119
f 1119/1261/1119 1123/1265/1123 1124/1266/1124 1120/1262/1120
f 1120/1262/1120 1124/1266/1124 1125/1267/1125 1121/1263/1121
f 1121/1263/1121 1125/1267/1125 908/1018/908 907/1017/907
f 1122/1264/1122 953/1268/953 952/1269/952 1123/1265/1123
f 1123/1265/1123 952/1269/952 957/1270/957 1124/1266/1124
f 1124/1266/1124 957/1270/957 961/1271/961 1125/1267/1125
f 1125/1267/1125 961/1271/961 909/1019/909 908/1018/908
f 1110/1252/1110 1113/1255/1113 1126/1272/1126 1127/1273/1127
f 1127/1273/1127 1126/1272/1126 1128/1274/1128 1129/1275/1129
f 1129/1275/1129 1128/1274/1128 1130/1276/1130 1131/1277/1131
f 1131/1277/1131 1130/1276/1130 834/1278/834 805/1279/805
f 1113/1255/1113 1115/1257/1115 1132/1280/1132 1126/1272/1126
f 1126/1272/1126 1132/1280/1132 1133/1281/1133 1128/1274/1128
f 1128/1274/1128 1133/1281/1133 1134/1282/1134 1130/1276/1130
f 1130/1276/1130 1134/1282/1134 835/1283/835 834/1278/834
f 1115/1257/1115 1117/1259/1117 1135/1284/1135 1132/1280/1132
f 1132/1280/1132 1135/1284/1135 1136/1285/1136 1133/1281/1133
f 1133/1281/1133 1136/1285/1136 1137/1286/1137 1134/1282/1134
f 1134/1282/1134 1137/1286/1137 836/1287/836 835/1283/835
f 1117/1259/1117 881/991/881 880/990/880 1135/1284/1135
f 1135/1284/1135 880/990/880 885/995/885 1136/1285/1136
f 1136/1285/1136 885/995/885 889/999/889 1137/1286/1137
f 1137/1286/1137 889/999/889 837/947/837 836/1287/836
f 1110/1252/1110 1127/1273/1127 1138/1288/1138 1139/1289/1139
f 1139/1289/1139 1138/1288/1138 1140/1290/1140 1141/1291/1141
f 1141/1291/1141 1140/1290/1140 1142/1292/1142 1143/1293/1143
f 1143/1293/1143 1142/1292/1142 1046/1294/1046 1025/1295/1025
f 1127/1273/1127 1129/1275/1129 1144/1296/1144 1138/1288/1138
f 1138/1288/1138 1144/1296/1144 1145/1297/1145 1140/1290/1140
f 1140/1290/1140 1145/1297/1145 1146/1298/1146 1142/1292/1142
f 1142/1292/1142 1146/1298/1146 1047/1299/1047 1046/1294/1046
f 1129/1275/1129 1131/1277/1131 1147/1300/1147 1144/1296/1144
f 1144/1296/1144 1147/1300/1147 1148/1301/1148 1145/1297/1145
f 1145/1297/1145 1148/1301/1148 1149/1302/1149 1146/1298/1146
f 1146/1298/1146 1149/1302/1149 1048/1303/1048 1047/1299/1047
f 1131/1277/1131 805/1279/805 804/1304/804 1147/1300/1147
f 1147/1300/1147 804/1304/804 809/1305/809 1148/1301/1148
f 1148/1301/1148 809/1305/809 813/1306/813 1149/1302/1149
f 1149/1302/1149 813/1306/813 817/1307/817 1048/1303/1048
f 1110/1252/1110 1139/1289/1139 1150/1308/1150 1111/1253/1111
f 1111/1253/1111 1150/1308/1150 1151/1309/1151 1118/1260/1118
f 1118/1260/1118 1151/1309/1151 1152/1310/1152 1122/1264/1122
f 1122/1264/1122 1152/1310/1152 978/1311/978 953/1268/953
f 1139/1289/1139 1141/1291/1141 1153/1312/1153 1150/1308/1150
f 1150/1308/1150 1153/1312/1153 1154/1313/1154 1151/1309/1151
f 1151/1309/1151 1154/1313/1154 1155/1314/1155 1152/1310/1152
f 1152/1310/1152 1155/1314/1155 979/1315/979 978/1311/978
f 1141/1291/1141 1143/1293/1143 1156/1316/1156 1153/1312/1153
f 1153/1312/1153 1156/1316/1156 1157/1317/1157 1154/1313/1154
f 1154/1313/1154 1157/1317/1157 1158/1318/1158 1155/1314/1155
f 1155/1314/1155 1158/1318/1158 980/1319/980 979/1315/979
f 1143/1293/1143 1025/1295/1025 1024/1320/1024 1156/1316/1156
f 1156/1316/1156 1024/1320/1024 1029/1321/1029 1157/1317/1157
f 1157/1317/1157 1029/1321/1029 1033/1322/1033 1158/1318/1158
f 1158/1318/1158 1033/1322/1033 981/1323/981 980/1319/980
